"Name","Team","POS","Salary","Years","Total.Value","Avg.Annual"
"Clayton Kershaw","LAD","SP","$ 33,000,000","7 (2014-20)","$ 215,000,000","$ 30,714,286"
"Zack Greinke","ARI","SP","$ 31,799,030","6 (2016-21)","$ 206,500,000","$ 34,416,666"
"David Price","BOS","SP","$ 30,000,000","7 (2016-22)","$ 217,000,000","$ 31,000,000"
"Miguel Cabrera","DET","1B","$ 28,000,000","10 (2014-23)","$ 292,000,000","$ 29,200,000"
"Justin Verlander","DET","SP","$ 28,000,000","7 (2013-19)","$ 180,000,000","$ 25,714,285"
"Yoenis Cespedes","NYM","CF","$ 27,328,046","3 (2016-18)","$ 75,000,000","$ 25,000,000"
"Felix Hernandez","SEA","SP","$ 25,857,143","7 (2013-19)","$ 175,000,000","$ 25,000,000"
"Albert Pujols","LAA","1B","$ 25,000,000","10 (2012-21)","$ 240,000,000","$ 24,000,000"
"Jon Lester","CHC","SP","$ 25,000,000","6 (2015-20)","$ 155,000,000","$ 25,833,333"
"Ryan Howard","PHI","1B","$ 25,000,000","5 (2012-16)","$ 125,000,000","$ 25,000,000"
"CC Sabathia","NYY","SP","$ 25,000,000","5 (2012-16)","$ 122,000,000","$ 24,400,000"
"Robinson Cano","SEA","2B","$ 24,000,000","10 (2014-23)","$ 240,000,000","$ 24,000,000"
"Prince Fielder","TEX","DH","$ 24,000,000","9 (2012-20)","$ 214,000,000","$ 23,777,778"
"Josh Hamilton","TEX","LF","$ 24,000,000","5 (2013-17)","$ 125,000,000","$ 25,000,000"
"Mark Teixeira","NYY","1B","$ 23,125,000","8 (2009-16)","$ 180,000,000","$ 22,500,000"
"Joe Mauer","MIN","1B","$ 23,000,000","8 (2011-18)","$ 184,000,000","$ 23,000,000"
"Hanley Ramirez","BOS","1B","$ 22,750,000","4 (2015-18)","$ 88,000,000","$ 22,000,000"
"Cole Hamels","TEX","SP","$ 22,500,000","6 (2013-18)","$ 144,000,000","$ 24,000,000"
"Max Scherzer","WSH","SP","$ 22,142,857","7 (2015-21)","$ 210,000,000","$ 30,000,000"
"Justin Upton","DET","LF","$ 22,125,000","6 (2016-21)","$ 132,750,000","$ 22,125,000"
"Masahiro Tanaka","NYY","SP","$ 22,000,000","7 (2014-20)","$ 155,000,000","$ 22,142,857"
"Jose Reyes","COL","SS","$ 22,000,000","6 (2012-17)","$ 106,000,000","$ 17,666,666"
"Jayson Werth","WSH","LF","$ 21,733,615","7 (2011-17)","$ 126,000,000","$ 18,000,000"
"Matt Kemp","SD","RF","$ 21,500,000","8 (2012-19)","$ 160,000,000","$ 20,000,000"
"Chris Davis","BAL","1B","$ 21,268,890","7 (2016-22)","$ 161,000,000","$ 23,000,000"
"Jacoby Ellsbury","NYY","CF","$ 21,142,857","7 (2014-20)","$ 153,000,000","$ 21,857,142"
"Alex Rodriguez","NYY","DH","$ 21,000,000","10 (2008-17)","$ 275,000,000","$ 27,500,000"
"Adrian Gonzalez","LAD","1B","$ 21,000,000","7 (2012-18)","$ 154,000,000","$ 22,000,000"
"James Shields","SD","SP","$ 21,000,000","4 (2015-18)","$ 75,000,000","$ 18,750,000"
"Matt Cain","SF","SP","$ 20,833,333","6 (2012-17)","$ 127,500,000","$ 21,250,000"
"Buster Posey","SF","C","$ 20,777,778","9 (2013-21)","$ 167,000,000","$ 18,555,555"
"Carl Crawford","LAD","OF","$ 20,750,000","7 (2011-17)","$ 142,000,000","$ 20,285,714"
"C.J. Wilson","LAA","SP","$ 20,500,000","5 (2012-16)","$ 77,500,000","$ 15,500,000"
"Jered Weaver","LAA","SP","$ 20,200,000","5 (2012-16)","$ 85,000,000","$ 17,000,000"
"Rick Porcello","BOS","SP","$ 20,125,000","4 (2016-19)","$ 82,500,000","$ 20,625,000"
"Joey Votto","CIN","1B","$ 20,000,000","10 (2014-23)","$ 225,000,000","$ 22,500,000"
"Troy Tulowitzki","TOR","SS","$ 20,000,000","10 (2011-20)","$ 157,750,000","$ 15,775,000"
"Shin-Soo Choo","TEX","RF","$ 20,000,000","7 (2014-20)","$ 130,000,000","$ 18,571,429"
"Jason Heyward","CHC","RF","$ 19,555,288","8 (2016-23)","$ 184,000,000","$ 23,000,000"
"Adam Wainwright","STL","SP","$ 19,500,000","5 (2014-18)","$ 97,500,000","$ 19,500,000"
"David Wright","NYM","3B","$ 19,364,801","8 (2013-20)","$ 138,000,000","$ 17,250,000"
"Ryan Braun","MIL","OF","$ 19,315,013","13 (2008-20)","$ 150,000,000","$ 11,538,461"
"Hunter Pence","SF","RF","$ 18,700,000","5 (2014-18)","$ 90,000,000","$ 18,000,000"
"Jordan Zimmermann","DET","SP","$ 18,000,000","5 (2016-20)","$ 110,000,000","$ 22,000,000"
"Homer Bailey","CIN","SP","$ 18,000,000","6 (2014-19)","$ 105,000,000","$ 17,500,000"
"Andre Ethier","LAD","LF","$ 18,000,000","5 (2013-17)","$ 85,000,000","$ 17,000,000"
"Victor Martinez","DET","DH","$ 18,000,000","4 (2015-18)","$ 68,000,000","$ 17,000,000"
"Adrian Beltre","TEX","3B","$ 18,000,000","1 (2016)","$ 18,000,000","$ 18,000,000"
"Pablo Sandoval","BOS","3B","$ 17,600,000","5 (2015-19)","$ 95,000,000","$ 19,000,000"
"Johnny Cueto","SF","SP","$ 17,500,000","6 (2016-21)","$ 130,000,000","$ 21,666,666"
"Carlos Gonzalez","COL","RF","$ 17,428,571","7 (2011-17)","$ 80,000,000","$ 11,428,571"
"Matt Holliday","STL","LF","$ 17,000,000","7 (2010-16)","$ 120,000,000","$ 17,142,857"
"Brian McCann","NYY","C","$ 17,000,000","5 (2014-18)","$ 85,000,000","$ 17,000,000"
"Anibal Sanchez","DET","SP","$ 16,800,000","5 (2013-17)","$ 80,000,000","$ 16,000,000"
"Adam Jones","BAL","OF","$ 16,329,674","6 (2013-18)","$ 85,500,000","$ 14,250,000"
"Mike Trout","LAA","CF","$ 16,083,333","6 (2015-20)","$ 144,500,000","$ 24,083,333"
"Curtis Granderson","NYM","CF","$ 16,000,000","4 (2014-17)","$ 60,000,000","$ 15,000,000"
"John Lackey","CHC","SP","$ 16,000,000","2 (2016-17)","$ 32,000,000","$ 16,000,000"
"David Ortiz","BOS","DH","$ 16,000,000","1 (2016)","$ 16,000,000","$ 16,000,000"
"Brett Anderson","LAD","SP","$ 15,800,000","1 (2016)","$ 15,800,000","$ 15,800,000"
"Colby Rasmus","HOU","LF","$ 15,800,000","1 (2016)","$ 15,800,000","$ 15,800,000"
"Matt Wieters","BAL","C","$ 15,800,000","1 (2016)","$ 15,800,000","$ 15,800,000"
"John Danks","CWS","SP","$ 15,750,000","5 (2012-16)","$ 65,000,000","$ 13,000,000"
"Melvin Upton Jr.","SD","LF","$ 15,450,000","5 (2013-17)","$ 72,500,000","$ 14,500,000"
"Elvis Andrus","TEX","SS","$ 15,333,333","8 (2015-22)","$ 120,000,000","$ 15,000,000"
"Russell Martin","TOR","C","$ 15,000,000","5 (2015-19)","$ 82,000,000","$ 16,400,000"
"Carlos Beltran","NYY","RF","$ 15,000,000","3 (2014-16)","$ 45,000,000","$ 15,000,000"
"Jake Peavy","SF","SP","$ 15,000,000","2 (2015-16)","$ 24,000,000","$ 12,000,000"
"Scott Kazmir","LAD","SP","$ 14,985,384","3 (2016-18)","$ 48,000,000","$ 16,000,000"
"Nelson Cruz","SEA","DH","$ 14,250,000","4 (2015-18)","$ 57,000,000","$ 14,250,000"
"Yadier Molina","STL","C","$ 14,200,000","5 (2013-17)","$ 75,000,000","$ 15,000,000"
"Ryan Zimmerman","WSH","1B","$ 14,000,000","6 (2014-19)","$ 100,000,000","$ 16,666,666"
"Ian Kinsler","DET","2B","$ 14,000,000","5 (2013-17)","$ 75,000,000","$ 15,000,000"
"Miguel Montero","CHC","C","$ 14,000,000","5 (2013-17)","$ 60,000,000","$ 12,000,000"
"Melky Cabrera","CWS","LF","$ 14,000,000","3 (2015-17)","$ 42,000,000","$ 14,000,000"
"Jose Bautista","TOR","RF","$ 14,000,000","1 (2016)","$ 14,000,000","$ 14,000,000"
"Francisco Liriano","PIT","SP","$ 13,666,667","3 (2015-17)","$ 39,000,000","$ 13,000,000"
"Ervin Santana","MIN","SP","$ 13,500,000","4 (2015-18)","$ 55,000,000","$ 13,750,000"
"Brett Gardner","NYY","LF","$ 13,500,000","4 (2015-18)","$ 52,000,000","$ 13,000,000"
"Andrew McCutchen","PIT","CF","$ 13,208,333","6 (2012-17)","$ 51,500,000","$ 8,583,333"
"Brandon Phillips","CIN","2B","$ 13,083,333","6 (2012-17)","$ 72,500,000","$ 12,083,333"
"Matt Harrison","PHI","SP","$ 13,000,000","5 (2013-17)","$ 55,000,000","$ 11,000,000"
"Chase Headley","NYY","3B","$ 13,000,000","4 (2015-18)","$ 52,000,000","$ 13,000,000"
"Clay Buchholz","BOS","SP","$ 13,000,000","1 (2016)","$ 13,000,000","$ 13,000,000"
"Ubaldo Jimenez","BAL","P","$ 12,673,102","4 (2014-17)","$ 50,000,000","$ 12,500,000"
"Dustin Pedroia","BOS","2B","$ 12,642,511","8 (2014-21)","$ 110,000,000","$ 13,750,000"
"Evan Longoria","TB","3B","$ 12,600,018","10 (2013-22)","$ 136,000,000","$ 13,600,000"
"Jay Bruce","CIN","OF","$ 12,541,666","6 (2011-16)","$ 51,000,000","$ 8,500,000"
"Wei-Yin Chen","MIA","SP","$ 12,500,000","5 (2016-20)","$ 80,000,000","$ 16,000,000"
"Jhonny Peralta","STL","SS","$ 12,500,000","4 (2014-17)","$ 53,000,000","$ 13,250,000"
"Brandon McCarthy","LAD","SP","$ 12,500,000","4 (2015-18)","$ 48,000,000","$ 12,000,000"
"Jorge De La Rosa","COL","SP","$ 12,500,000","2 (2015-16)","$ 25,000,000","$ 12,500,000"
"Freddie Freeman","ATL","1B","$ 12,359,375","8 (2014-21)","$ 135,000,000","$ 16,875,000"
"Matt Garza","MIL","SP","$ 12,209,424","4 (2014-17)","$ 50,000,000","$ 12,500,000"
"J.J. Hardy","BAL","SS","$ 12,209,424","3 (2015-17)","$ 40,000,000","$ 13,333,333"
"Gio Gonzalez","WSH","SP","$ 12,100,000","5 (2012-16)","$ 42,000,000","$ 8,400,000"
"Mike Leake","STL","SP","$ 12,000,000","5 (2016-20)","$ 80,000,000","$ 16,000,000"
"Alex Gordon","KC","LF","$ 12,000,000","4 (2016-19)","$ 72,000,000","$ 18,000,000"
"Ricky Nolasco","MIN","SP","$ 12,000,000","4 (2014-17)","$ 49,000,000","$ 12,250,000"
"Aaron Hill","MIL","3B","$ 12,000,000","3 (2014-16)","$ 35,000,000","$ 11,666,667"
"R.A. Dickey","TOR","SP","$ 12,000,000","1 (2016)","$ 25,000,000","$ 25,000,000"
"Jose Abreu","CWS","1B","$ 11,666,667","6 (2014-19)","$ 68,000,000","$ 11,333,333"
"Billy Butler","OAK","DH","$ 11,666,667","3 (2015-17)","$ 30,000,000","$ 10,000,000"
"Josh Donaldson","TOR","3B","$ 11,650,000","2 (2016-17)","$ 28,650,000","$ 14,325,000"
"Marco Estrada","TOR","SP","$ 11,500,000","2 (2016-17)","$ 26,000,000","$ 13,000,000"
"Jaime Garcia","STL","SP","$ 11,500,000","1 (2016)","$ 11,500,000","$ 11,500,000"
"Rusney Castillo","BOS","RF","$ 11,400,000","7 (2014-20)","$ 72,500,000","$ 10,357,142"
"Angel Pagan","SF","LF","$ 11,250,000","4 (2013-16)","$ 40,000,000","$ 10,000,000"
"David Robertson","CWS","RP","$ 11,000,000","4 (2015-18)","$ 46,000,000","$ 11,500,000"
"Nick Markakis","ATL","RF","$ 11,000,000","4 (2015-18)","$ 44,000,000","$ 11,000,000"
"Craig Kimbrel","BOS","RP","$ 11,000,000","4 (2014-17)","$ 42,000,000","$ 10,500,000"
"Martin Prado","MIA","3B","$ 11,000,000","4 (2013-16)","$ 40,000,000","$ 10,000,000"
"Coco Crisp","OAK","CF","$ 11,000,000","2 (2015-16)","$ 22,000,000","$ 11,000,000"
"Hisashi Iwakuma","SEA","SP","$ 10,976,096","1 (2016)","$ 10,976,096","$ 10,976,096"
"Jonathan Papelbon","WSH","RP","$ 10,936,574","1 (2016)","$ 10,936,574","$ 10,936,574"
"Jeff Samardzija","SF","SP","$ 10,800,000","5 (2016-20)","$ 90,000,000","$ 18,000,000"
"Jake Arrieta","CHC","SP","$ 10,700,000","1 (2016)","$ 10,700,000","$ 10,700,000"
"Kenley Jansen","LAD","RP","$ 10,650,000","1 (2016)","$ 10,650,000","$ 10,650,000"
"Neil Walker","NYM","2B","$ 10,550,000","1 (2016)","$ 10,550,000","$ 10,550,000"
"Ben Zobrist","CHC","2B","$ 10,500,000","4 (2016-19)","$ 56,000,000","$ 14,000,000"
"Stephen Strasburg","WSH","SP","$ 10,400,000","1 (2016)","$ 10,400,000","$ 10,400,000"
"Yu Darvish","TEX","SP","$ 10,000,000","6 (2012-17)","$ 56,000,000","$ 9,333,333"
"J.A. Happ","TOR","SP","$ 10,000,000","3 (2016-18)","$ 36,000,000","$ 12,000,000"
"Derek Holland","TEX","SP","$ 10,000,000","5 (2012-16)","$ 28,500,000","$ 5,700,000"
"Edwin Encarnacion","TOR","DH","$ 10,000,000","1 (2016)","$ 10,000,000","$ 10,000,000"
"Madison Bumgarner","SF","SP","$ 9,916,667","5 (2013-17)","$ 35,000,000","$ 7,000,000"
"Mark Melancon","PIT","RP","$ 9,650,000","1 (2016)","$ 9,650,000","$ 9,650,000"
"Tyson Ross","SD","SP","$ 9,625,000","1 (2016)","$ 9,625,000","$ 9,625,000"
"Howie Kendrick","LAD","2B","$ 9,540,378","2 (2016-17)","$ 20,000,000","$ 10,000,000"
"Edinson Volquez","KC","SP","$ 9,500,000","2 (2015-16)","$ 20,000,000","$ 10,000,000"
"Aroldis Chapman","NYY","RP","$ 9,468,443","1 (2016)","$ 11,325,000","$ 11,325,000"
"Phil Hughes","MIN","SP","$ 9,200,000","5 (2015-19)","$ 58,000,000","$ 11,600,000"
"Chris Sale","CWS","SP","$ 9,150,000","5 (2013-17)","$ 32,500,000","$ 6,500,000"
"Mark Trumbo","BAL","RF","$ 9,150,000","1 (2016)","$ 9,150,000","$ 9,150,000"
"Giancarlo Stanton","MIA","RF","$ 9,000,000","13 (2015-27)","$ 325,000,000","$ 25,000,000"
"Andrew Miller","NYY","RP","$ 9,000,000","4 (2015-18)","$ 36,000,000","$ 9,000,000"
"Jon Niese","PIT","SP","$ 9,000,000","5 (2012-16)","$ 25,519,500","$ 5,103,900"
"Carlos Gomez","HOU","CF","$ 9,000,000","3 (2014-16)","$ 24,000,000","$ 8,000,000"
"Jason Hammel","CHC","P","$ 9,000,000","2 (2015-16)","$ 20,000,000","$ 10,000,000"
"Koji Uehara","BOS","P","$ 9,000,000","2 (2015-16)","$ 18,000,000","$ 9,000,000"
"Kendrys Morales","KC","DH","$ 9,000,000","2 (2015-16)","$ 17,000,000","$ 8,500,000"
"Sergio Romo","SF","RP","$ 9,000,000","2 (2015-16)","$ 15,000,000","$ 7,500,000"
"Yovani Gallardo","BAL","SP","$ 8,728,776","2 (2016-17)","$ 22,000,000","$ 11,000,000"
"Erick Aybar","ATL","SS","$ 8,500,000","4 (2013-16)","$ 35,000,000","$ 8,750,000"
"Jason Vargas","KC","SP","$ 8,500,000","4 (2014-17)","$ 32,000,000","$ 8,000,000"
"Carlos Ruiz","PHI","C","$ 8,500,000","3 (2014-16)","$ 26,000,000","$ 8,666,666"
"Carlos Santana","CLE","C","$ 8,450,000","5 (2012-16)","$ 21,001,900","$ 4,200,380"
"Drew Storen","TOR","RP","$ 8,375,000","1 (2016)","$ 8,375,000","$ 8,375,000"
"Asdrubal Cabrera","NYM","SS","$ 8,250,000","2 (2016-17)","$ 18,500,000","$ 9,250,000"
"Eric Hosmer","KC","1B","$ 8,250,000","2 (2015-16)","$ 13,900,000","$ 6,950,000"
"Todd Frazier","CWS","3B","$ 8,250,000","2 (2015-16)","$ 12,000,000","$ 6,000,000"
"Brandon Moss","STL","1B","$ 8,250,000","1 (2016)","$ 8,250,000","$ 8,250,000"
"Chris Johnson","MIA","3B","$ 8,007,500","3 (2015-17)","$ 23,500,000","$ 7,833,333"
"Kyle Seager","SEA","3B","$ 8,000,000","7 (2015-21)","$ 100,000,000","$ 14,285,714"
"Daniel Murphy","WSH","2B","$ 8,000,000","3 (2016-18)","$ 37,500,000","$ 12,500,000"
"Scott Feldman","HOU","SP","$ 8,000,000","3 (2014-16)","$ 30,000,000","$ 10,000,000"
"Gerardo Parra","COL","LF","$ 8,000,000","3 (2016-18)","$ 27,500,000","$ 9,166,666"
"Charlie Morton","PHI","SP","$ 8,000,000","3 (2014-16)","$ 21,000,000","$ 7,000,000"
"Huston Street","LAA","RP","$ 8,000,000","2 (2016-17)","$ 18,000,000","$ 9,000,000"
"Michael Morse","PIT","1B","$ 8,000,000","2 (2015-16)","$ 16,000,000","$ 8,000,000"
"Mike Pelfrey","DET","SP","$ 8,000,000","2 (2016-17)","$ 16,000,000","$ 8,000,000"
"Adam Lind","SEA","1B","$ 8,000,000","1 (2016)","$ 8,000,000","$ 8,000,000"
"Cameron Maybin","DET","OF","$ 8,000,000","1 (2016)","$ 8,000,000","$ 8,000,000"
"Dexter Fowler","CHC","CF","$ 8,000,000","1 (2016)","$ 8,000,000","$ 8,000,000"
"Ian Desmond","TEX","LF","$ 8,000,000","1 (2016)","$ 8,000,000","$ 8,000,000"
"Wade Davis","KC","RP","$ 8,000,000","1 (2016)","$ 8,000,000","$ 8,000,000"
"Starlin Castro","NYY","2B","$ 7,857,142","7 (2013-19)","$ 60,000,000","$ 8,571,428"
"Hyun-Jin Ryu","LAD","SP","$ 7,833,333","6 (2013-18)","$ 36,000,000","$ 6,000,000"
"Omar Infante","KC","2B","$ 7,750,000","4 (2014-17)","$ 30,250,000","$ 7,562,500"
"Ian Kennedy","KC","SP","$ 7,500,000","5 (2016-20)","$ 70,000,000","$ 14,000,000"
"Yasmany Tomas","ARI","OF","$ 7,500,000","6 (2015-20)","$ 68,500,000","$ 11,416,666"
"Alex Guerrero","LAD","SS","$ 7,500,000","4 (2014-17)","$ 28,000,000","$ 7,000,000"
"Jed Lowrie","OAK","2B","$ 7,500,000","3 (2015-17)","$ 23,000,000","$ 7,666,666"
"Lance Lynn","STL","SP","$ 7,500,000","3 (2015-17)","$ 22,000,000","$ 7,333,333"
"Joaquin Benoit","SEA","RP","$ 7,500,000","1 (2016)","$ 7,500,000","$ 7,500,000"
"Francisco Rodriguez","DET","RP","$ 7,383,481","2 (2015-16)","$ 13,000,000","$ 6,500,000"
"Michael Brantley","CLE","OF","$ 7,375,000","4 (2014-17)","$ 25,000,000","$ 6,250,000"
"Bartolo Colon","NYM","SP","$ 7,250,000","1 (2016)","$ 7,250,000","$ 7,250,000"
"Dallas Keuchel","HOU","SP","$ 7,250,000","1 (2016)","$ 7,250,000","$ 7,250,000"
"Trevor Plouffe","MIN","3B","$ 7,250,000","1 (2016)","$ 7,250,000","$ 7,250,000"
"Yasiel Puig","LAD","RF","$ 7,214,285","7 (2012-18)","$ 42,000,000","$ 6,000,000"
"Andrew Cashner","SD","SP","$ 7,150,000","1 (2016)","$ 7,150,000","$ 7,150,000"
"Joakim Soria","KC","RP","$ 7,000,000","3 (2016-18)","$ 25,000,000","$ 8,333,333"
"Yunel Escobar","LAA","3B","$ 7,000,000","2 (2015-16)","$ 13,000,000","$ 6,500,000"
"Chase Utley","LAD","2B","$ 7,000,000","1 (2016)","$ 7,000,000","$ 7,000,000"
"Doug Fister","HOU","SP","$ 7,000,000","1 (2016)","$ 7,000,000","$ 7,000,000"
"Jeremy Hellickson","PHI","SP","$ 7,000,000","1 (2016)","$ 7,000,000","$ 7,000,000"
"Mike Napoli","CLE","1B","$ 7,000,000","1 (2016)","$ 7,000,000","$ 7,000,000"
"J.D. Martinez","DET","RF","$ 6,750,000","2 (2016-17)","$ 18,500,000","$ 9,250,000"
"Luke Gregerson","HOU","RP","$ 6,750,000","3 (2015-17)","$ 18,500,000","$ 6,166,666"
"Seth Smith","SEA","RF","$ 6,750,000","2 (2015-16)","$ 13,000,000","$ 6,500,000"
"Zach Britton","BAL","RP","$ 6,750,000","1 (2016)","$ 6,750,000","$ 6,750,000"
"Lucas Duda","NYM","1B","$ 6,725,000","1 (2016)","$ 6,725,000","$ 6,725,000"
"Ryan Madson","OAK","RP","$ 6,666,667","3 (2016-18)","$ 22,000,000","$ 7,333,333"
"Josh Reddick","OAK","RF","$ 6,575,000","1 (2016)","$ 6,575,000","$ 6,575,000"
"Matt Carpenter","STL","3B","$ 6,500,000","6 (2014-19)","$ 52,000,000","$ 8,666,666"
"Lorenzo Cain","KC","CF","$ 6,500,000","2 (2016-17)","$ 17,500,000","$ 8,750,000"
"Chris Young","BOS","LF","$ 6,500,000","2 (2016-17)","$ 13,000,000","$ 6,500,000"
"Pat Neshek","HOU","RP","$ 6,500,000","2 (2015-16)","$ 12,500,000","$ 6,250,000"
"Santiago Casilla","SF","RP","$ 6,500,000","1 (2016)","$ 6,500,000","$ 6,500,000"
"Garrett Richards","LAA","SP","$ 6,425,000","1 (2016)","$ 6,425,000","$ 6,425,000"
"Glen Perkins","MIN","RP","$ 6,300,000","4 (2014-17)","$ 22,175,000","$ 5,543,750"
"Boone Logan","COL","RP","$ 6,250,000","3 (2014-16)","$ 16,500,000","$ 5,500,000"
"Ben Revere","WSH","CF","$ 6,250,000","1 (2016)","$ 6,250,000","$ 6,250,000"
"J.P. Howell","LAD","RP","$ 6,250,000","1 (2016)","$ 6,250,000","$ 6,250,000"
"Jon Jay","SD","CF","$ 6,225,000","2 (2015-16)","$ 10,975,000","$ 5,487,500"
"Chris Tillman","BAL","SP","$ 6,225,000","1 (2016)","$ 6,225,000","$ 6,225,000"
"Brandon Belt","SF","1B","$ 6,200,000","1 (2016)","$ 6,200,000","$ 6,200,000"
"Travis Wood","CHC","RP","$ 6,170,000","1 (2016)","$ 6,170,000","$ 6,170,000"
"Jason Kipnis","CLE","2B","$ 6,166,667","6 (2014-19)","$ 52,500,000","$ 8,750,000"
"Luis Valbuena","HOU","3B","$ 6,125,000","1 (2016)","$ 6,125,000","$ 6,125,000"
"Tyler Clippard","ARI","RP","$ 6,100,000","2 (2016-17)","$ 12,250,000","$ 6,125,000"
"Brandon Crawford","SF","SS","$ 6,000,000","6 (2016-21)","$ 75,000,000","$ 12,500,000"
"Andrelton Simmons","LAA","SS","$ 6,000,000","7 (2014-20)","$ 58,000,000","$ 8,285,714"
"Wade Miley","SEA","SP","$ 6,000,000","3 (2015-17)","$ 19,250,000","$ 6,416,666"
"Tony Sipp","HOU","RP","$ 6,000,000","3 (2016-18)","$ 18,000,000","$ 6,000,000"
"Kurt Suzuki","MIN","C","$ 6,000,000","2 (2015-16)","$ 12,000,000","$ 6,000,000"
"Colby Lewis","TEX","SP","$ 6,000,000","1 (2016)","$ 6,000,000","$ 6,000,000"
"Rich Hill","OAK","SP","$ 6,000,000","1 (2016)","$ 6,000,000","$ 6,000,000"
"Darren O'Day","BAL","RP","$ 5,854,712","4 (2016-19)","$ 31,000,000","$ 7,750,000"
"Paul Goldschmidt","ARI","1B","$ 5,833,333","5 (2014-18)","$ 32,000,000","$ 6,400,000"
"Alejandro De Aza","NYM","LF","$ 5,750,000","1 (2016)","$ 5,750,000","$ 5,750,000"
"Pedro Alvarez","BAL","1B","$ 5,731,704","1 (2016)","$ 5,731,704","$ 5,731,704"
"Mitch Moreland","TEX","1B","$ 5,700,000","1 (2016)","$ 5,700,000","$ 5,700,000"
"Mike Moustakas","KC","3B","$ 5,600,000","2 (2016-17)","$ 14,300,000","$ 7,150,000"
"Nathan Eovaldi","NYY","SP","$ 5,600,000","1 (2016)","$ 5,600,000","$ 5,600,000"
"Trevor Rosenthal","STL","RP","$ 5,600,000","1 (2016)","$ 5,600,000","$ 5,600,000"
"Mark Lowe","DET","RP","$ 5,500,000","2 (2016-17)","$ 11,000,000","$ 5,500,000"
"Brad Ziegler","ARI","P","$ 5,500,000","2 (2014-15)","$ 10,500,000","$ 5,250,000"
"Luke Hochevar","KC","RP","$ 5,500,000","2 (2015-16)","$ 10,000,000","$ 5,000,000"
"Kris Medlen","KC","P","$ 5,500,000","2 (2015-16)","$ 8,500,000","$ 4,250,000"
"Nori Aoki","SEA","LF","$ 5,500,000","1 (2016)","$ 5,500,000","$ 5,500,000"
"Jose Quintana","CWS","SP","$ 5,400,000","5 (2014-18)","$ 21,000,000","$ 4,200,000"
"Antonio Bastardo","NYM","RP","$ 5,375,000","2 (2016-17)","$ 12,000,000","$ 6,000,000"
"Wilson Ramos","WSH","C","$ 5,350,000","1 (2016)","$ 5,350,000","$ 5,350,000"
"Kevin Jepsen","MIN","RP","$ 5,312,000","1 (2016)","$ 5,312,000","$ 5,312,000"
"Addison Reed","NYM","RP","$ 5,300,000","1 (2016)","$ 5,300,000","$ 5,300,000"
"Anthony Rizzo","CHC","1B","$ 5,285,714","7 (2013-19)","$ 41,000,000","$ 5,857,142"
"Josh Harrison","PIT","2B","$ 5,250,000","4 (2015-18)","$ 27,300,000","$ 6,825,000"
"Joe Smith","LAA","RP","$ 5,250,000","3 (2014-16)","$ 15,750,000","$ 5,250,000"
"Alcides Escobar","KC","SS","$ 5,250,000","1 (2016)","$ 5,250,000","$ 1,312,500"
"Rajai Davis","CLE","CF","$ 5,250,000","1 (2016)","$ 5,250,000","$ 5,250,000"
"Matt Moore","TB","SP","$ 5,100,000","5 (2012-16)","$ 14,000,000","$ 2,800,000"
"Justin Turner","LAD","3B","$ 5,100,000","1 (2016)","$ 5,100,000","$ 5,100,000"
"Devin Mesoraco","CIN","C","$ 5,025,000","4 (2015-18)","$ 28,000,000","$ 7,000,000"
"Denard Span","SF","CF","$ 5,000,000","3 (2016-18)","$ 31,000,000","$ 10,333,333"
"Zach Duke","CWS","RP","$ 5,000,000","3 (2015-17)","$ 15,000,000","$ 5,000,000"
"Javier Lopez","SF","RP","$ 5,000,000","3 (2014-16)","$ 13,000,000","$ 4,333,333"
"Jason Motte","COL","RP","$ 5,000,000","2 (2016-17)","$ 10,000,000","$ 5,000,000"
"Bryce Harper","WSH","RF","$ 5,000,000","2 (2015-16)","$ 7,500,000","$ 3,750,000"
"Austin Jackson","CWS","CF","$ 5,000,000","1 (2016)","$ 5,000,000","$ 5,000,000"
"Hector Santiago","LAA","SP","$ 5,000,000","1 (2016)","$ 5,000,000","$ 5,000,000"
"Jason Castro","HOU","C","$ 5,000,000","1 (2016)","$ 5,000,000","$ 5,000,000"
"Manny Machado","BAL","3B","$ 5,000,000","1 (2016)","$ 5,000,000","$ 5,000,000"
"Nolan Arenado","COL","3B","$ 5,000,000","1 (2016)","$ 5,000,000","$ 5,000,000"
"Chris Coghlan","OAK","RF","$ 4,800,000","1 (2016)","$ 4,800,000","$ 4,800,000"
"Jake McGee","COL","RP","$ 4,800,000","1 (2016)","$ 4,800,000","$ 4,800,000"
"Steve Pearce","TB","1B","$ 4,750,000","1 (2016)","$ 4,750,000","$ 4,750,000"
"Corey Kluber","CLE","SP","$ 4,700,000","5 (2015-19)","$ 38,500,000","$ 7,700,000"
"Carlos Carrasco","CLE","SP","$ 4,500,000","4 (2015-18)","$ 22,000,000","$ 5,500,000"
"John Axford","OAK","RP","$ 4,500,000","2 (2016-17)","$ 10,000,000","$ 5,000,000"
"A.J. Ellis","LAD","C","$ 4,500,000","1 (2016)","$ 4,500,000","$ 4,500,000"
"Tommy Milone","MIN","RP","$ 4,500,000","1 (2016)","$ 4,500,000","$ 4,500,000"
"Pedro Strop","CHC","RP","$ 4,400,000","1 (2016)","$ 4,400,000","$ 4,400,000"
"Shelby Miller","ARI","SP","$ 4,350,000","1 (2016)","$ 4,350,000","$ 4,350,000"
"Matt Harvey","NYM","SP","$ 4,325,000","1 (2016)","$ 4,325,000","$ 4,325,000"
"Michael Pineda","NYY","SP","$ 4,300,000","1 (2016)","$ 4,300,000","$ 4,300,000"
"Chris Young","KC","SP","$ 4,250,000","2 (2016-17)","$ 11,500,000","$ 5,750,000"
"Chris Iannetta","SEA","C","$ 4,250,000","1 (2016)","$ 4,250,000","$ 4,250,000"
"Henderson Alvarez","OAK","SP","$ 4,250,000","1 (2016)","$ 4,250,000","$ 4,250,000"
"Trevor Cahill","CHC","RP","$ 4,250,000","1 (2016)","$ 4,250,000","$ 4,250,000"
"Danny Duffy","KC","RP","$ 4,225,000","1 (2016)","$ 4,225,000","$ 4,225,000"
"Hector Rondon","CHC","RP","$ 4,200,000","1 (2016)","$ 4,200,000","$ 4,200,000"
"Logan Morrison","TB","1B","$ 4,200,000","1 (2016)","$ 4,200,000","$ 4,200,000"
"Cody Allen","CLE","RP","$ 4,150,000","1 (2016)","$ 4,150,000","$ 4,150,000"
"Leonys Martin","SEA","CF","$ 4,150,000","1 (2016)","$ 4,150,000","$ 4,150,000"
"Brett Lawrie","CWS","2B","$ 4,125,000","1 (2016)","$ 4,125,000","$ 4,125,000"
"Jonathan Lucroy","MIL","C","$ 4,100,000","5 (2012-16)","$ 11,000,000","$ 2,200,000"
"Ivan Nova","NYY","RP","$ 4,100,000","1 (2016)","$ 4,100,000","$ 4,100,000"
"Jeurys Familia","NYM","RP","$ 4,100,000","1 (2016)","$ 4,100,000","$ 4,100,000"
"Hector Olivera","ATL","OF","$ 4,000,000","6 (2015-20)","$ 62,500,000","$ 10,416,666"
"Jedd Gyorko","STL","3B","$ 4,000,000","6 (2014-19)","$ 35,510,900","$ 5,918,483"
"Shawn Kelley","WSH","RP","$ 4,000,000","3 (2016-18)","$ 15,000,000","$ 5,000,000"
"Steve Cishek","SEA","RP","$ 4,000,000","2 (2016-17)","$ 10,000,000","$ 5,000,000"
"John Jaso","PIT","1B","$ 4,000,000","2 (2016-17)","$ 8,000,000","$ 4,000,000"
"Alex Cobb","TB","SP","$ 4,000,000","1 (2016)","$ 4,000,000","$ 4,000,000"
"Dioner Navarro","CWS","C","$ 4,000,000","1 (2016)","$ 4,000,000","$ 4,000,000"
"Jerry Blevins","NYM","RP","$ 4,000,000","1 (2016)","$ 4,000,000","$ 4,000,000"
"Jesse Chavez","TOR","RP","$ 4,000,000","1 (2016)","$ 4,000,000","$ 4,000,000"
"Joe Blanton","LAD","RP","$ 4,000,000","1 (2016)","$ 4,000,000","$ 4,000,000"
"Juan Uribe","CLE","3B","$ 4,000,000","1 (2016)","$ 4,000,000","$ 4,000,000"
"Gregor Blanco","SF","OF","$ 3,900,000","2 (2015-16)","$ 7,500,000","$ 3,750,000"
"Brian Matusz","BAL","RP","$ 3,900,000","1 (2016)","$ 3,900,000","$ 3,900,000"
"David Hernandez","PHI","RP","$ 3,900,000","1 (2016)","$ 3,900,000","$ 3,900,000"
"Justin Smoak","TOR","1B","$ 3,900,000","1 (2016)","$ 3,900,000","$ 3,900,000"
"Neftali Feliz","PIT","RP","$ 3,900,000","1 (2016)","$ 3,900,000","$ 3,900,000"
"Brett Cecil","TOR","RP","$ 3,800,000","1 (2016)","$ 3,800,000","$ 3,800,000"
"Jonathan Broxton","STL","RP","$ 3,750,000","2 (2016-17)","$ 7,500,000","$ 3,750,000"
"Drew Smyly","TB","SP","$ 3,750,000","1 (2016)","$ 3,750,000","$ 3,750,000"
"Ryan Hanigan","BOS","C","$ 3,700,000","3 (2014-16)","$ 10,750,000","$ 3,583,333"
"Welington Castillo","ARI","C","$ 3,700,000","1 (2016)","$ 3,700,000","$ 3,700,000"
"Jose Altuve","HOU","2B","$ 3,687,500","4 (2014-17)","$ 12,500,000","$ 3,125,000"
"Jordan Walden","STL","RP","$ 3,675,000","2 (2015-16)","$ 6,600,000","$ 3,300,000"
"Jorge Soler","CHC","RF","$ 3,666,666","9 (2012-20)","$ 30,000,000","$ 3,333,333"
"Jason Grilli","ATL","P","$ 3,625,000","2 (2015-16)","$ 8,000,000","$ 4,000,000"
"A.J. Pollock","ARI","CF","$ 3,500,000","2 (2016-17)","$ 10,250,000","$ 5,125,000"
"Charlie Blackmon","COL","CF","$ 3,500,000","1 (2016)","$ 3,500,000","$ 3,500,000"
"Francisco Cervelli","PIT","C","$ 3,500,000","1 (2016)","$ 3,500,000","$ 3,500,000"
"Tom Koehler","MIA","SP","$ 3,500,000","1 (2016)","$ 3,500,000","$ 3,500,000"
"Julio Teheran","ATL","P","$ 3,466,666","6 (2014-19)","$ 32,400,000","$ 5,400,000"
"Mike Dunn","MIA","P","$ 3,450,000","2 (2015-16)","$ 5,800,000","$ 2,900,000"
"Tony Watson","PIT","RP","$ 3,450,000","1 (2016)","$ 3,450,000","$ 3,450,000"
"A.J. Ramos","MIA","RP","$ 3,400,000","1 (2016)","$ 3,400,000","$ 3,400,000"
"Kole Calhoun","LAA","RF","$ 3,400,000","1 (2016)","$ 3,400,000","$ 3,400,000"
"Junichi Tazawa","BOS","RP","$ 3,375,000","1 (2016)","$ 3,375,000","$ 3,375,000"
"Starling Marte","PIT","LF","$ 3,333,333","6 (2014-19)","$ 31,000,000","$ 5,166,666"
"Desmond Jennings","TB","LF","$ 3,300,000","1 (2016)","$ 3,300,000","$ 3,300,000"
"Evan Gattis","HOU","DH","$ 3,300,000","1 (2016)","$ 3,300,000","$ 3,300,000"
"Shawn Tolleson","TEX","RP","$ 3,275,000","1 (2016)","$ 3,275,000","$ 3,275,000"
"Dee Gordon","MIA","2B","$ 3,242,202","5 (2016-20)","$ 50,000,000","$ 10,000,000"
"Raisel Iglesias","CIN","SP","$ 3,214,285","7 (2014-20)","$ 27,000,000","$ 3,857,142"
"Dustin Ackley","NYY","LF","$ 3,200,000","1 (2016)","$ 3,200,000","$ 3,200,000"
"Martin Perez","TEX","SP","$ 3,150,000","4 (2014-17)","$ 12,500,000","$ 3,125,000"
"Nick Hundley","COL","C","$ 3,150,000","2 (2015-16)","$ 6,250,000","$ 3,125,000"
"Danny Valencia","OAK","3B","$ 3,150,000","1 (2016)","$ 3,150,000","$ 3,150,000"
"Kenta Maeda","LAD","SP","$ 3,125,000","8 (2016-23)","$ 25,000,000","$ 3,125,000"
"Tom Wilhelmsen","TEX","RP","$ 3,100,000","1 (2016)","$ 3,100,000","$ 3,100,000"
"Jeff Locke","PIT","SP","$ 3,025,000","1 (2016)","$ 3,025,000","$ 3,025,000"
"Brian Dozier","MIN","2B","$ 3,000,000","4 (2015-18)","$ 20,000,000","$ 5,000,000"
"DJ LeMahieu","COL","2B","$ 3,000,000","2 (2016-17)","$ 7,800,000","$ 3,900,000"
"Oliver Perez","WSH","RP","$ 3,000,000","2 (2016-17)","$ 7,000,000","$ 3,500,000"
"A.J. Pierzynski","ATL","C","$ 3,000,000","1 (2016)","$ 3,000,000","$ 3,000,000"
"Alexei Ramirez","SD","SS","$ 3,000,000","1 (2016)","$ 3,000,000","$ 3,000,000"
"David Freese","PIT","3B","$ 3,000,000","1 (2016)","$ 3,000,000","$ 3,000,000"
"Juan Nicasio","PIT","RP","$ 3,000,000","1 (2016)","$ 3,000,000","$ 3,000,000"
"Mat Latos","CWS","SP","$ 3,000,000","1 (2016)","$ 3,000,000","$ 3,000,000"
"Stephen Drew","WSH","SS","$ 3,000,000","1 (2016)","$ 3,000,000","$ 3,000,000"
"Jordan Lyles","COL","SP","$ 2,975,000","1 (2016)","$ 2,975,000","$ 2,975,000"
"Marc Rzepczynski","OAK","RP","$ 2,950,000","1 (2016)","$ 2,950,000","$ 2,950,000"
"Derek Norris","SD","C","$ 2,925,000","1 (2016)","$ 2,925,000","$ 2,925,000"
"Zack Cozart","CIN","SS","$ 2,925,000","1 (2016)","$ 2,925,000","$ 2,925,000"
"Chris Archer","TB","SP","$ 2,916,667","6 (2014-19)","$ 25,500,000","$ 4,250,000"
"Michael Saunders","TOR","RF","$ 2,900,000","1 (2016)","$ 2,900,000","$ 2,900,000"
"Danny Espinosa","WSH","SS","$ 2,875,000","1 (2016)","$ 2,875,000","$ 2,875,000"
"Hyun-soo Kim","BAL","LF","$ 2,800,000","2 (2016-17)","$ 7,000,000","$ 3,500,000"
"Anthony Rendon","WSH","3B","$ 2,800,000","1 (2016)","$ 2,800,000","$ 2,800,000"
"Geovany Soto","LAA","C","$ 2,800,000","1 (2016)","$ 2,800,000","$ 2,800,000"
"Jose Fernandez","MIA","SP","$ 2,800,000","1 (2016)","$ 2,800,000","$ 2,800,000"
"Wily Peralta","MIL","SP","$ 2,800,000","1 (2016)","$ 2,800,000","$ 2,800,000"
"Yasmani Grandal","LAD","C","$ 2,800,000","1 (2016)","$ 2,800,000","$ 2,800,000"
"Adam Eaton","CWS","RF","$ 2,750,000","5 (2015-19)","$ 23,500,000","$ 4,700,000"
"Byung Ho Park","MIN","DH","$ 2,750,000","4 (2016-19)","$ 12,000,000","$ 3,000,000"
"Bryan Shaw","CLE","RP","$ 2,750,000","1 (2016)","$ 2,750,000","$ 2,750,000"
"Lonnie Chisenhall","CLE","RF","$ 2,725,000","1 (2016)","$ 2,725,000","$ 2,725,000"
"Daniel Hudson","ARI","RP","$ 2,700,000","1 (2016)","$ 2,700,000","$ 2,700,000"
"Yonder Alonso","OAK","1B","$ 2,650,000","1 (2016)","$ 2,650,000","$ 2,650,000"
"Adeiny Hechavarria","MIA","SS","$ 2,625,000","1 (2016)","$ 2,625,000","$ 2,625,000"
"Jean Segura","ARI","SS","$ 2,600,000","1 (2016)","$ 2,600,000","$ 2,600,000"
"Joe Kelly","BOS","SP","$ 2,600,000","1 (2016)","$ 2,600,000","$ 2,600,000"
"Mark Reynolds","COL","1B","$ 2,600,000","1 (2016)","$ 2,600,000","$ 2,600,000"
"Vance Worley","BAL","SP","$ 2,600,000","1 (2016)","$ 2,600,000","$ 2,600,000"
"Yan Gomes","CLE","C","$ 2,583,333","6 (2014-19)","$ 23,000,000","$ 3,833,333"
"Kelvin Herrera","KC","RP","$ 2,550,000","2 (2015-16)","$ 4,150,000","$ 2,075,000"
"Patrick Corbin","ARI","SP","$ 2,525,000","1 (2016)","$ 2,525,000","$ 2,525,000"
"Juan Lagares","NYM","CF","$ 2,500,000","5 (2015-19)","$ 23,553,696","$ 4,710,739"
"Jung-ho Kang","PIT","3B","$ 2,500,000","4 (2015-18)","$ 11,000,000","$ 2,750,000"
"Brayan Pena","STL","C","$ 2,500,000","2 (2016-17)","$ 5,000,000","$ 2,500,000"
"David Ross","CHC","C","$ 2,500,000","2 (2015-16)","$ 5,000,000","$ 2,500,000"
"Alex Avila","CWS","C","$ 2,500,000","1 (2016)","$ 2,500,000","$ 2,500,000"
"Bud Norris","ATL","SP","$ 2,500,000","1 (2016)","$ 2,500,000","$ 2,500,000"
"Chris Carter","MIL","1B","$ 2,500,000","1 (2016)","$ 2,500,000","$ 2,500,000"
"David Phelps","MIA","RP","$ 2,500,000","1 (2016)","$ 2,500,000","$ 2,500,000"
"Jim Johnson","ATL","RP","$ 2,500,000","1 (2016)","$ 2,500,000","$ 2,500,000"
"Sean Rodriguez","PIT","1B","$ 2,500,000","1 (2016)","$ 2,500,000","$ 2,500,000"
"Seung-Hwan Oh","STL","RP","$ 2,500,000","1 (2016)","$ 2,500,000","$ 2,500,000"
"Yusmeiro Petit","WSH","RP","$ 2,500,000","1 (2016)","$ 2,500,000","$ 2,500,000"
"Didi Gregorius","NYY","SS","$ 2,425,000","1 (2016)","$ 2,425,000","$ 2,425,000"
"Fernando Salas","LAA","RP","$ 2,400,000","1 (2016)","$ 2,400,000","$ 2,400,000"
"Erasmo Ramirez","TB","SP","$ 2,375,000","1 (2016)","$ 2,375,000","$ 2,375,000"
"Rubby De La Rosa","ARI","SP","$ 2,350,000","1 (2016)","$ 2,350,000","$ 2,350,000"
"Casey Fien","MIN","RP","$ 2,275,000","1 (2016)","$ 2,275,000","$ 2,275,000"
"Logan Forsythe","TB","2B","$ 2,250,000","2 (2016-17)","$ 10,250,000","$ 5,125,000"
"Chad Qualls","COL","RP","$ 2,250,000","2 (2016-17)","$ 6,000,000","$ 3,000,000"
"Josh Tomlin","CLE","SP","$ 2,250,000","2 (2016-17)","$ 5,500,000","$ 2,750,000"
"Jared Hughes","PIT","RP","$ 2,175,000","1 (2016)","$ 2,175,000","$ 2,175,000"
"Eduardo Escobar","MIN","SS","$ 2,150,000","1 (2016)","$ 2,150,000","$ 2,150,000"
"Daniel Descalso","COL","SS","$ 2,100,000","2 (2015-16)","$ 3,600,000","$ 1,800,000"
"Avisail Garcia","CWS","RF","$ 2,100,000","1 (2016)","$ 2,100,000","$ 2,100,000"
"Jose Iglesias","DET","SS","$ 2,100,000","1 (2016)","$ 2,100,000","$ 2,100,000"
"Jordy Mercer","PIT","SS","$ 2,075,000","1 (2016)","$ 2,075,000","$ 2,075,000"
"Salvador Perez","KC","C","$ 2,000,000","6 (2016-21)","$ 54,500,000","$ 9,083,333"
"Mike Minor","KC","SP","$ 2,000,000","2 (2016-17)","$ 7,250,000","$ 3,625,000"
"Tyler Flowers","ATL","C","$ 2,000,000","2 (2016-17)","$ 5,000,000","$ 2,500,000"
"Alexi Ogando","ATL","RP","$ 2,000,000","1 (2016)","$ 2,000,000","$ 2,000,000"
"Alfredo Simon","CIN","SP","$ 2,000,000","1 (2016)","$ 2,000,000","$ 2,000,000"
"Clayton Richard","CHC","RP","$ 2,000,000","1 (2016)","$ 2,000,000","$ 2,000,000"
"Dillon Gee","KC","SP","$ 2,000,000","1 (2016)","$ 2,000,000","$ 2,000,000"
"Felix Doubront","OAK","SP","$ 2,000,000","1 (2016)","$ 2,000,000","$ 2,000,000"
"Franklyn Morales","TOR","RP","$ 2,000,000","1 (2016)","$ 2,000,000","$ 2,000,000"
"Freddy Galvis","PHI","SS","$ 2,000,000","1 (2016)","$ 2,000,000","$ 2,000,000"
"Ichiro Suzuki","MIA","LF","$ 2,000,000","1 (2016)","$ 2,000,000","$ 2,000,000"
"Jimmy Rollins","CWS","SS","$ 2,000,000","1 (2016)","$ 2,000,000","$ 2,000,000"
"Kelly Johnson","ATL","2B","$ 2,000,000","1 (2016)","$ 2,000,000","$ 2,000,000"
"Marwin Gonzalez","HOU","SS","$ 2,000,000","1 (2016)","$ 2,000,000","$ 2,000,000"
"Matt Albers","CWS","RP","$ 2,000,000","1 (2016)","$ 2,000,000","$ 2,000,000"
"Mike Aviles","DET","SS","$ 2,000,000","1 (2016)","$ 2,000,000","$ 2,000,000"
"Peter Bourjos","PHI","LF","$ 2,000,000","1 (2016)","$ 2,000,000","$ 2,000,000"
"Ryan Vogelsong","PIT","SP","$ 2,000,000","1 (2016)","$ 2,000,000","$ 2,000,000"
"Tommy Hunter","CLE","RP","$ 2,000,000","1 (2016)","$ 2,000,000","$ 2,000,000"
"Sam Fuld","OAK","LF","$ 1,925,000","1 (2016)","$ 1,925,000","$ 1,925,000"
"Josh Collmenter","ARI","RP","$ 1,825,000","1 (2016)","$ 1,825,000","$ 1,825,000"
"Dylan Bundy","BAL","SP","$ 1,800,000","1 (2016)","$ 1,800,000","$ 1,800,000"
"Eric O'Flaherty","ATL","RP","$ 1,750,000","1 (2016)","$ 1,750,000","$ 1,750,000"
"Jarrod Dyson","KC","RF","$ 1,725,000","1 (2016)","$ 1,725,000","$ 1,725,000"
"Adam Warren","CHC","RP","$ 1,700,000","1 (2016)","$ 1,700,000","$ 1,700,000"
"Trevor Bauer","CLE","SP","$ 1,697,500","1 (2016)","$ 1,697,500","$ 1,697,500"
"Justin Ruggiano","TEX","RF","$ 1,650,000","1 (2016)","$ 1,650,000","$ 1,650,000"
"Matt Adams","STL","1B","$ 1,650,000","1 (2016)","$ 1,650,000","$ 1,650,000"
"Charlie Furbush","SEA","RP","$ 1,600,000","1 (2016)","$ 1,600,000","$ 1,600,000"
"Fernando Rodney","SD","RP","$ 1,600,000","1 (2016)","$ 1,600,000","$ 1,600,000"
"Matt Thornton","SD","P","$ 1,600,000","1 (2016)","$ 1,600,000","$ 1,600,000"
"Sean Doolittle","OAK","RP","$ 1,580,000","5 (2014-18)","$ 10,500,000","$ 2,100,000"
"Robinson Chirinos","TEX","C","$ 1,550,000","1 (2016)","$ 1,550,000","$ 1,550,000"
"Justin Wilson","DET","RP","$ 1,525,000","1 (2016)","$ 1,525,000","$ 1,525,000"
"Cliff Pennington","LAA","2B","$ 1,500,000","2 (2016-17)","$ 3,750,000","$ 1,875,000"
"Tony Barnette","TEX","RP","$ 1,500,000","2 (2016-17)","$ 3,500,000","$ 1,750,000"
"Chris Capuano","MIL","RP","$ 1,500,000","1 (2016)","$ 1,500,000","$ 1,500,000"
"Craig Breslow","MIA","RP","$ 1,500,000","1 (2016)","$ 1,500,000","$ 1,500,000"
"Eric Sogard","OAK","2B","$ 1,500,000","1 (2016)","$ 1,500,000","$ 1,500,000"
"Franklin Gutierrez","SEA","LF","$ 1,500,000","1 (2016)","$ 1,500,000","$ 1,500,000"
"Hank Conger","TB","C","$ 1,500,000","1 (2016)","$ 1,500,000","$ 1,500,000"
"James Russell","PHI","RP","$ 1,500,000","1 (2016)","$ 1,500,000","$ 1,500,000"
"Jeff Mathis","MIA","C","$ 1,500,000","1 (2016)","$ 1,500,000","$ 1,500,000"
"Rickie Weeks","ARI","LF","$ 1,500,000","1 (2016)","$ 1,500,000","$ 1,500,000"
"Ruben Tejada","STL","SS","$ 1,500,000","1 (2016)","$ 1,500,000","$ 1,500,000"
"Ryan Flaherty","BAL","2B","$ 1,500,000","1 (2016)","$ 1,500,000","$ 1,500,000"
"Ryan Raburn","COL","OF","$ 1,500,000","1 (2016)","$ 1,500,000","$ 1,500,000"
"Carlos Villanueva","SD","RP","$ 1,490,314","1 (2016)","$ 1,490,314","$ 1,490,314"
"Eduardo Nunez","MIN","SS","$ 1,475,000","1 (2016)","$ 1,475,000","$ 1,475,000"
"Tim Collins","KC","RP","$ 1,475,000","1 (2016)","$ 1,475,000","$ 1,475,000"
"Will Smith","MIL","RP","$ 1,475,000","1 (2016)","$ 1,475,000","$ 1,475,000"
"Andres Blanco","PHI","2B","$ 1,450,000","1 (2016)","$ 1,450,000","$ 1,450,000"
"J.J. Hoover","CIN","RP","$ 1,400,000","1 (2016)","$ 1,400,000","$ 1,400,000"
"Jeanmar Gomez","PHI","RP","$ 1,400,000","1 (2016)","$ 1,400,000","$ 1,400,000"
"Seth Maness","STL","RP","$ 1,400,000","1 (2016)","$ 1,400,000","$ 1,400,000"
"Jose Lobaton","WSH","C","$ 1,387,500","1 (2016)","$ 1,387,500","$ 1,387,500"
"Daniel Nava","LAA","LF","$ 1,375,000","1 (2016)","$ 1,375,000","$ 1,375,000"
"Chris Stewart","PIT","C","$ 1,350,000","2 (2016-17)","$ 3,000,000","$ 1,500,000"
"Bryan Morris","MIA","RP","$ 1,350,000","1 (2016)","$ 1,350,000","$ 1,350,000"
"Drew Pomeranz","SD","RP","$ 1,350,000","1 (2016)","$ 1,350,000","$ 1,350,000"
"Adam Ottavino","COL","RP","$ 1,300,000","3 (2016-18)","$ 10,400,000","$ 3,466,666"
"Nolan Reimold","BAL","LF","$ 1,300,000","1 (2016)","$ 1,300,000","$ 1,300,000"
"Zach McAllister","CLE","RP","$ 1,300,000","1 (2016)","$ 1,300,000","$ 1,300,000"
"Justin Grimm","CHC","RP","$ 1,275,000","1 (2016)","$ 1,275,000","$ 1,275,000"
"Randall Delgado","ARI","SP","$ 1,275,000","1 (2016)","$ 1,275,000","$ 1,275,000"
"Jake Diekman","TEX","RP","$ 1,255,000","1 (2016)","$ 1,255,000","$ 1,255,000"
"Kolten Wong","STL","2B","$ 1,250,000","5 (2016-20)","$ 25,500,000","$ 5,100,000"
"Brad Brach","BAL","RP","$ 1,250,000","1 (2016)","$ 1,250,000","$ 1,250,000"
"Chris Heisey","WSH","LF","$ 1,250,000","1 (2016)","$ 1,250,000","$ 1,250,000"
"Fernando Abad","MIN","RP","$ 1,250,000","1 (2016)","$ 1,250,000","$ 1,250,000"
"Gordon Beckham","ATL","3B","$ 1,250,000","1 (2016)","$ 1,250,000","$ 1,250,000"
"Joel Peralta","SEA","RP","$ 1,250,000","1 (2016)","$ 1,250,000","$ 1,250,000"
"Matt Belisle","WSH","RP","$ 1,250,000","1 (2016)","$ 1,250,000","$ 1,250,000"
"Robbie Ross","BOS","RP","$ 1,250,000","1 (2016)","$ 1,250,000","$ 1,250,000"
"Scott Van Slyke","LAD","LF","$ 1,225,000","1 (2016)","$ 1,225,000","$ 1,225,000"
"Yordano Ventura","KC","SP","$ 1,200,000","5 (2015-19)","$ 23,000,000","$ 4,600,000"
"Chris Narveson","MIA","RP","$ 1,200,000","1 (2016)","$ 1,200,000","$ 1,200,000"
"Brandon Guyer","TB","LF","$ 1,185,000","1 (2016)","$ 1,185,000","$ 1,185,000"
"Drew Butera","KC","C","$ 1,162,500","1 (2016)","$ 1,162,500","$ 1,162,500"
"George Kontos","SF","RP","$ 1,150,000","1 (2016)","$ 1,150,000","$ 1,150,000"
"Martin Maldonado","MIL","C","$ 1,125,000","2 (2015-16)","$ 1,950,000","$ 975,000"
"Ryan Cook","SEA","RP","$ 1,100,000","1 (2016)","$ 1,100,000","$ 1,100,000"
"Chris Hatcher","LAD","RP","$ 1,065,000","1 (2016)","$ 1,065,000","$ 1,065,000"
"Aaron Loup","TOR","RP","$ 1,050,000","1 (2016)","$ 1,050,000","$ 1,050,000"
"Carlos Torres","MIL","RP","$ 1,050,000","1 (2016)","$ 1,050,000","$ 1,050,000"
"Darwin Barney","TOR","2B","$ 1,050,000","1 (2016)","$ 1,050,000","$ 1,050,000"
"Fernando Rodriguez","OAK","RP","$ 1,050,000","1 (2016)","$ 1,050,000","$ 1,050,000"
"Christian Yelich","MIA","LF","$ 1,000,000","7 (2015-21)","$ 49,570,000","$ 7,081,428"
"Tyler Chatwood","COL","SP","$ 1,000,000","2 (2015-16)","$ 2,000,000","$ 1,000,000"
"Brandon Barnes","COL","LF","$ 1,000,000","1 (2016)","$ 1,000,000","$ 1,000,000"
"Brett Wallace","SD","1B","$ 1,000,000","1 (2016)","$ 1,000,000","$ 1,000,000"
"Chien-Ming Wang","KC","SP","$ 1,000,000","1 (2016)","$ 1,000,000","$ 1,000,000"
"Collin Cowgill","CLE","LF","$ 1,000,000","1 (2016)","$ 1,000,000","$ 1,000,000"
"Cory Luebke","PIT","RP","$ 1,000,000","1 (2016)","$ 1,000,000","$ 1,000,000"
"Craig Gentry","LAA","LF","$ 1,000,000","1 (2016)","$ 1,000,000","$ 1,000,000"
"Dae-Ho Lee","SEA","1B","$ 1,000,000","1 (2016)","$ 1,000,000","$ 1,000,000"
"Dustin McGowan","MIA","RP","$ 1,000,000","1 (2016)","$ 1,000,000","$ 1,000,000"
"Gavin Floyd","TOR","RP","$ 1,000,000","1 (2016)","$ 1,000,000","$ 1,000,000"
"Jeff Francoeur","ATL","RF","$ 1,000,000","1 (2016)","$ 1,000,000","$ 1,000,000"
"Marlon Byrd","CLE","RF","$ 1,000,000","1 (2016)","$ 1,000,000","$ 1,000,000"
"Matt Joyce","PIT","LF","$ 1,000,000","1 (2016)","$ 1,000,000","$ 1,000,000"
"Ross Detwiler","CLE","RP","$ 1,000,000","1 (2016)","$ 1,000,000","$ 1,000,000"
"Ryan Webb","TB","RP","$ 1,000,000","1 (2016)","$ 1,000,000","$ 1,000,000"
"Carter Capps","MIA","RP","$ 987,500","1 (2016)","$ 987,500","$ 987,500"
"Chris Gimenez","TEX","C","$ 975,000","1 (2016)","$ 975,000","$ 975,000"
"Zach Putnam","CWS","RP","$ 975,000","1 (2016)","$ 975,000","$ 975,000"
"Blaine Boyer","MIL","RP","$ 950,000","1 (2016)","$ 950,000","$ 950,000"
"Emmanuel Burriss","PHI","2B","$ 925,000","1 (2016)","$ 925,000","$ 925,000"
"Nate Jones","CWS","RP","$ 900,000","3 (2016-18)","$ 8,000,000","$ 2,666,666"
"Andrew Romine","DET","3B","$ 900,000","1 (2016)","$ 900,000","$ 900,000"
"Josh Fields","HOU","RP","$ 900,000","1 (2016)","$ 900,000","$ 900,000"
"Tanner Scheppers","TEX","RP","$ 900,000","1 (2016)","$ 900,000","$ 900,000"
"Arodys Vizcaino","ATL","RP","$ 897,500","1 (2016)","$ 897,500","$ 897,500"
"Dana Eveland","TB","RP","$ 895,000","1 (2016)","$ 895,000","$ 895,000"
"Erik Kratz","HOU","C","$ 850,000","1 (2016)","$ 850,000","$ 850,000"
"Jarrod Parker","OAK","SP","$ 850,000","1 (2016)","$ 850,000","$ 850,000"
"Dan Jennings","CWS","RP","$ 810,000","1 (2016)","$ 810,000","$ 810,000"
"Evan Scribner","SEA","RP","$ 807,500","1 (2016)","$ 807,500","$ 807,500"
"Adam Rosales","SD","1B","$ 800,000","1 (2016)","$ 800,000","$ 800,000"
"Josh Thole","TOR","C","$ 800,000","1 (2016)","$ 800,000","$ 800,000"
"Ross Ohlendorf","CIN","RP","$ 800,000","1 (2016)","$ 800,000","$ 800,000"
"Jeff Manship","CLE","RP","$ 765,000","1 (2016)","$ 765,000","$ 765,000"
"Louis Coleman","LAD","RP","$ 725,000","1 (2016)","$ 725,000","$ 725,000"
"Jason Gurka","COL","RP","$ 660,000","1 (2016)","$ 660,000","$ 660,000"
"Kris Bryant","CHC","3B","$ 652,000","1 (2016)","$ 652,000","$ 652,000"
"Ji-Man Choi","LAA","1B","$ 650,000","1 (2016)","$ 650,000","$ 650,000"
"Xander Bogaerts","BOS","SS","$ 650,000","1 (2016)","$ 650,000","$ 650,000"
"Josh Edgin","NYM","RP","$ 625,000","1 (2016)","$ 625,000","$ 625,000"
"Jacob deGrom","NYM","SP","$ 607,000","1 (2016)","$ 607,000","$ 607,000"
"Brock Holt","BOS","2B","$ 606,000","1 (2016)","$ 606,000","$ 606,000"
"Blake Wood","CIN","RP","$ 600,000","1 (2016)","$ 600,000","$ 600,000"
"Jim Henderson","NYM","RP","$ 600,000","1 (2016)","$ 600,000","$ 600,000"
"Kyle Gibson","MIN","SP","$ 587,500","1 (2016)","$ 587,500","$ 587,500"
"Eric Fryer","STL","C","$ 575,000","1 (2016)","$ 575,000","$ 575,000"
"Logan Kensing","DET","RP","$ 575,000","1 (2016)","$ 575,000","$ 575,000"
"Aaron Hicks","NYY","CF","$ 574,000","1 (2016)","$ 574,000","$ 574,000"
"Billy Hamilton","CIN","CF","$ 570,000","1 (2016)","$ 570,000","$ 570,000"
"Marcell Ozuna","MIA","CF","$ 570,000","1 (2016)","$ 570,000","$ 570,000"
"Mookie Betts","BOS","CF","$ 566,000","1 (2016)","$ 566,000","$ 566,000"
"Tom Layne","BOS","RP","$ 563,750","1 (2016)","$ 563,750","$ 563,750"
"Austin Romine","NYY","C","$ 556,000","1 (2016)","$ 556,000","$ 556,000"
"Cole Figueroa","PIT","2B","$ 550,000","1 (2016)","$ 550,000","$ 550,000"
"Cory Gearrin","SF","RP","$ 550,000","1 (2016)","$ 550,000","$ 550,000"
"Jarred Cosart","MIA","SP","$ 550,000","1 (2016)","$ 550,000","$ 550,000"
"Gerrit Cole","PIT","SP","$ 548,000","1 (2016)","$ 548,000","$ 548,000"
"Miguel Sano","MIN","RF","$ 547,500","1 (2016)","$ 547,500","$ 547,500"
"Jackie Bradley Jr.","BOS","CF","$ 546,500","1 (2016)","$ 546,500","$ 546,500"
"Zack Wheeler","NYM","SP","$ 546,250","1 (2016)","$ 546,250","$ 546,250"
"Eugenio Suarez","CIN","3B","$ 545,000","1 (2016)","$ 545,000","$ 545,000"
"Joe Panik","SF","2B","$ 545,000","1 (2016)","$ 545,000","$ 545,000"
"Trevor May","MIN","RP","$ 545,000","1 (2016)","$ 545,000","$ 545,000"
"Tanner Roark","WSH","SP","$ 543,400","1 (2016)","$ 543,400","$ 543,400"
"Travis d'Arnaud","NYM","C","$ 542,604","1 (2016)","$ 542,604","$ 542,604"
"Eddie Rosario","MIN","LF","$ 542,500","1 (2016)","$ 542,500","$ 542,500"
"Kyle Hendricks","CHC","SP","$ 541,000","1 (2016)","$ 541,000","$ 541,000"
"Francisco Lindor","CLE","SS","$ 540,300","1 (2016)","$ 540,300","$ 540,300"
"Anthony DeSclafani","CIN","SP","$ 540,000","1 (2016)","$ 540,000","$ 540,000"
"Brandon Workman","BOS","SP","$ 539,500","1 (2016)","$ 539,500","$ 539,500"
"Carlos Martinez","STL","SP","$ 539,000","1 (2016)","$ 539,000","$ 539,000"
"Kevin Siegrist","STL","RP","$ 539,000","1 (2016)","$ 539,000","$ 539,000"
"Michael Wacha","STL","SP","$ 539,000","1 (2016)","$ 539,000","$ 539,000"
"Danny Santana","MIN","SS","$ 537,500","1 (2016)","$ 537,500","$ 537,500"
"Justin Bour","MIA","1B","$ 537,500","1 (2016)","$ 537,500","$ 537,500"
"Matt Duffy","SF","3B","$ 537,500","1 (2016)","$ 537,500","$ 537,500"
"Nick Castellanos","DET","3B","$ 536,500","1 (2016)","$ 536,500","$ 536,500"
"Danny Salazar","CLE","SP","$ 536,200","1 (2016)","$ 536,200","$ 536,200"
"Noah Syndergaard","NYM","SP","$ 535,375","1 (2016)","$ 535,375","$ 535,375"
"Charlie Culberson","LAD","3B","$ 535,000","1 (2016)","$ 535,000","$ 535,000"
"Gregory Polanco","PIT","RF","$ 535,000","1 (2016)","$ 535,000","$ 535,000"
"Jacob Petricka","CWS","RP","$ 535,000","1 (2016)","$ 535,000","$ 535,000"
"Jerry Sands","CWS","RF","$ 535,000","1 (2016)","$ 535,000","$ 535,000"
"Oswaldo Arcia","MIN","LF","$ 535,000","1 (2016)","$ 535,000","$ 535,000"
"Clint Robinson","WSH","1B","$ 534,900","1 (2016)","$ 534,900","$ 534,900"
"Chasen Shreve","NYY","RP","$ 533,400","1 (2016)","$ 533,400","$ 533,400"
"Vidal Nuno","SEA","RP","$ 532,900","1 (2016)","$ 532,900","$ 532,900"
"Arquimedes Caminero","PIT","RP","$ 532,500","1 (2016)","$ 532,500","$ 532,500"
"J.T. Realmuto","MIA","C","$ 532,500","1 (2016)","$ 532,500","$ 532,500"
"Johnny Giavotella","LAA","2B","$ 532,500","1 (2016)","$ 532,500","$ 532,500"
"Kevin Gausman","BAL","SP","$ 532,000","1 (2016)","$ 532,000","$ 532,000"
"Tommy La Stella","CHC","2B","$ 532,000","1 (2016)","$ 532,000","$ 532,000"
"Chris Owings","ARI","2B","$ 530,500","1 (2016)","$ 530,500","$ 530,500"
"Alex Wood","LAD","SP","$ 530,000","1 (2016)","$ 530,000","$ 530,000"
"Chris Heston","SF","SP","$ 530,000","1 (2016)","$ 530,000","$ 530,000"
"Cody Asche","PHI","LF","$ 530,000","1 (2016)","$ 530,000","$ 530,000"
"Matt Shoemaker","LAA","SP","$ 530,000","1 (2016)","$ 530,000","$ 530,000"
"Tony Cingrani","CIN","RP","$ 530,000","1 (2016)","$ 530,000","$ 530,000"
"David Peralta","ARI","LF","$ 529,600","1 (2016)","$ 529,600","$ 529,600"
"Carson Smith","BOS","RP","$ 529,000","1 (2016)","$ 529,000","$ 529,000"
"Collin McHugh","HOU","SP","$ 529,000","1 (2016)","$ 529,000","$ 529,000"
"John Ryan Murphy","MIN","C","$ 528,700","1 (2016)","$ 528,700","$ 528,700"
"Taijuan Walker","SEA","SP","$ 528,600","1 (2016)","$ 528,600","$ 528,600"
"Ken Giles","HOU","RP","$ 528,200","1 (2016)","$ 528,200","$ 528,200"
"Odubel Herrera","PHI","CF","$ 528,000","1 (2016)","$ 528,000","$ 528,000"
"Brad Miller","TB","SS","$ 527,600","1 (2016)","$ 527,600","$ 527,600"
"Sonny Gray","OAK","SP","$ 527,500","1 (2016)","$ 527,500","$ 527,500"
"Stephen Vogt","OAK","C","$ 527,500","1 (2016)","$ 527,500","$ 527,500"
"Addison Russell","CHC","SS","$ 527,000","1 (2016)","$ 527,000","$ 527,000"
"Danny Farquhar","TB","RP","$ 527,000","1 (2016)","$ 527,000","$ 527,000"
"Darin Ruf","PHI","1B","$ 527,000","1 (2016)","$ 527,000","$ 527,000"
"Brandon Maurer","SD","RP","$ 526,400","1 (2016)","$ 526,400","$ 526,400"
"Wilmer Flores","NYM","SS","$ 526,014","1 (2016)","$ 526,014","$ 526,014"
"Nick Vincent","SEA","RP","$ 525,500","1 (2016)","$ 525,500","$ 525,500"
"Will Harris","HOU","RP","$ 525,500","1 (2016)","$ 525,500","$ 525,500"
"Yangervis Solarte","SD","3B","$ 525,500","1 (2016)","$ 525,500","$ 525,500"
"Greg Bird","NYY","1B","$ 525,300","1 (2016)","$ 525,300","$ 525,300"
"Sam Dyson","TEX","RP","$ 525,270","1 (2016)","$ 525,270","$ 525,270"
"Anthony Gose","DET","CF","$ 525,000","1 (2016)","$ 525,000","$ 525,000"
"C.J. Cron","LAA","1B","$ 525,000","1 (2016)","$ 525,000","$ 525,000"
"Cesar Hernandez","PHI","2B","$ 525,000","1 (2016)","$ 525,000","$ 525,000"
"Jumbo Diaz","CIN","RP","$ 525,000","1 (2016)","$ 525,000","$ 525,000"
"Blake Treinen","WSH","RP","$ 524,900","1 (2016)","$ 524,900","$ 524,900"
"Chase Whitley","TB","RP","$ 524,525","1 (2016)","$ 524,525","$ 524,525"
"Khris Davis","OAK","LF","$ 524,500","1 (2016)","$ 524,500","$ 524,500"
"Neil Ramirez","CHC","RP","$ 524,500","1 (2016)","$ 524,500","$ 524,500"
"Zac Rosscup","CHC","RP","$ 524,500","1 (2016)","$ 524,500","$ 524,500"
"Mike Fiers","HOU","SP","$ 524,100","1 (2016)","$ 524,100","$ 524,100"
"Xavier Cedeno","TB","RP","$ 524,100","1 (2016)","$ 524,100","$ 524,100"
"Michael Taylor","WSH","LF","$ 524,000","1 (2016)","$ 524,000","$ 524,000"
"Wil Myers","SD","1B","$ 523,900","1 (2016)","$ 523,900","$ 523,900"
"Nate Karns","SEA","SP","$ 523,700","1 (2016)","$ 523,700","$ 523,700"
"Caleb Joseph","BAL","C","$ 523,500","1 (2016)","$ 523,500","$ 523,500"
"T.J. McFarland","BAL","RP","$ 523,500","1 (2016)","$ 523,500","$ 523,500"
"Liam Hendriks","OAK","RP","$ 523,400","1 (2016)","$ 523,400","$ 523,400"
"Ender Inciarte","ATL","RF","$ 523,000","1 (2016)","$ 523,000","$ 523,000"
"Corey Dickerson","TB","RF","$ 522,900","1 (2016)","$ 522,900","$ 522,900"
"Rougned Odor","TEX","2B","$ 522,700","1 (2016)","$ 522,700","$ 522,700"
"Alex Wilson","DET","RP","$ 522,500","1 (2016)","$ 522,500","$ 522,500"
"Derek Dietrich","MIA","3B","$ 522,500","1 (2016)","$ 522,500","$ 522,500"
"Jonathan Schoop","BAL","2B","$ 522,500","1 (2016)","$ 522,500","$ 522,500"
"George Springer","HOU","RF","$ 522,400","1 (2016)","$ 522,400","$ 522,400"
"Jimmy Nelson","MIL","SP","$ 522,300","1 (2016)","$ 522,300","$ 522,300"
"Kyle Schwarber","CHC","LF","$ 522,000","1 (2016)","$ 522,000","$ 522,000"
"Ezequiel Carrera","TOR","LF","$ 521,800","1 (2016)","$ 521,800","$ 521,800"
"Alex Colome","TB","RP","$ 521,700","1 (2016)","$ 521,700","$ 521,700"
"Nick Ahmed","ARI","SS","$ 521,600","1 (2016)","$ 521,600","$ 521,600"
"Chris Colabello","TOR","1B","$ 521,300","1 (2016)","$ 521,300","$ 521,300"
"Luis Severino","NYY","SP","$ 521,300","1 (2016)","$ 521,300","$ 521,300"
"Kevin Quackenbush","SD","RP","$ 521,200","1 (2016)","$ 521,200","$ 521,200"
"Kevin Pillar","TOR","CF","$ 521,100","1 (2016)","$ 521,100","$ 521,100"
"Eduardo Rodriguez","BOS","SP","$ 521,000","1 (2016)","$ 521,000","$ 521,000"
"J.B. Shuck","CWS","RF","$ 521,000","1 (2016)","$ 521,000","$ 521,000"
"Robbie Ray","ARI","SP","$ 521,000","1 (2016)","$ 521,000","$ 521,000"
"Jake Odorizzi","TB","SP","$ 520,700","1 (2016)","$ 520,700","$ 520,700"
"Blaine Hardy","DET","RP","$ 520,500","1 (2016)","$ 520,500","$ 520,500"
"Jace Peterson","ATL","2B","$ 520,500","1 (2016)","$ 520,500","$ 520,500"
"Paco Rodriguez","ATL","RP","$ 520,500","1 (2016)","$ 520,500","$ 520,500"
"Jake Lamb","ARI","3B","$ 520,300","1 (2016)","$ 520,300","$ 520,300"
"Chase Anderson","MIL","SP","$ 520,200","1 (2016)","$ 520,200","$ 520,200"
"Ryan Goins","TOR","2B","$ 520,200","1 (2016)","$ 520,200","$ 520,200"
"Buddy Baumann","SD","RP","$ 520,000","1 (2016)","$ 520,000","$ 520,000"
"Dan Otero","CLE","RP","$ 520,000","1 (2016)","$ 520,000","$ 520,000"
"Jimmy Paredes","BAL","DH","$ 520,000","1 (2016)","$ 520,000","$ 520,000"
"Joc Pederson","LAD","CF","$ 520,000","1 (2016)","$ 520,000","$ 520,000"
"Kike Hernandez","LAD","LF","$ 520,000","1 (2016)","$ 520,000","$ 520,000"
"Kyle Lobstein","PIT","RP","$ 520,000","1 (2016)","$ 520,000","$ 520,000"
"Mike Morin","LAA","RP","$ 520,000","1 (2016)","$ 520,000","$ 520,000"
"Pedro Baez","LAD","RP","$ 520,000","1 (2016)","$ 520,000","$ 520,000"
"Randal Grichuk","STL","CF","$ 520,000","1 (2016)","$ 520,000","$ 520,000"
"Ryan Buchter","SD","RP","$ 520,000","1 (2016)","$ 520,000","$ 520,000"
"Ryan Pressly","MIN","RP","$ 520,000","1 (2016)","$ 520,000","$ 520,000"
"Andrew Chafin","ARI","RP","$ 519,700","1 (2016)","$ 519,700","$ 519,700"
"Jake Marisnick","HOU","CF","$ 519,500","1 (2016)","$ 519,500","$ 519,500"
"James McCann","DET","C","$ 519,500","1 (2016)","$ 519,500","$ 519,500"
"Aaron Barrett","WSH","RP","$ 519,400","1 (2016)","$ 519,400","$ 519,400"
"Steven Geltz","TB","RP","$ 519,300","1 (2016)","$ 519,300","$ 519,300"
"Brad Boxberger","TB","RP","$ 519,200","1 (2016)","$ 519,200","$ 519,200"
"Jeremy Jeffress","MIL","RP","$ 519,100","1 (2016)","$ 519,100","$ 519,100"
"Bryan Holaday","TEX","C","$ 519,000","1 (2016)","$ 519,000","$ 519,000"
"Blake Swihart","BOS","C","$ 518,500","1 (2016)","$ 518,500","$ 518,500"
"Taylor Jungmann","MIL","SP","$ 518,500","1 (2016)","$ 518,500","$ 518,500"
"Christian Colon","KC","2B","$ 518,425","1 (2016)","$ 518,425","$ 518,425"
"Jose Ramirez","CLE","SS","$ 518,200","1 (2016)","$ 518,200","$ 518,200"
"Scooter Gennett","MIL","2B","$ 518,100","1 (2016)","$ 518,100","$ 518,100"
"Brett Oberholtzer","PHI","RP","$ 518,000","1 (2016)","$ 518,000","$ 518,000"
"Cameron Rupp","PHI","C","$ 518,000","1 (2016)","$ 518,000","$ 518,000"
"Carlos Rodon","CWS","SP","$ 518,000","1 (2016)","$ 518,000","$ 518,000"
"Keone Kela","TEX","RP","$ 518,000","1 (2016)","$ 518,000","$ 518,000"
"Aaron Sanchez","TOR","SP","$ 517,800","1 (2016)","$ 517,800","$ 517,800"
"Cory Spangenberg","SD","2B","$ 517,700","1 (2016)","$ 517,700","$ 517,700"
"Aaron Nola","PHI","SP","$ 517,500","1 (2016)","$ 517,500","$ 517,500"
"Hunter Strickland","SF","RP","$ 517,500","1 (2016)","$ 517,500","$ 517,500"
"Maikel Franco","PHI","3B","$ 517,500","1 (2016)","$ 517,500","$ 517,500"
"Tucker Barnhart","CIN","C","$ 517,500","1 (2016)","$ 517,500","$ 517,500"
"Yimi Garcia","LAD","RP","$ 517,500","1 (2016)","$ 517,500","$ 517,500"
"Delino DeShields Jr.","TEX","CF","$ 517,300","1 (2016)","$ 517,300","$ 517,300"
"Michael Conforto","NYM","LF","$ 517,246","1 (2016)","$ 517,246","$ 517,246"
"Ivan De Jesus","CIN","2B","$ 517,000","1 (2016)","$ 517,000","$ 517,000"
"Shane Greene","DET","SP","$ 517,000","1 (2016)","$ 517,000","$ 517,000"
"Carlos Correa","HOU","SS","$ 516,700","1 (2016)","$ 516,700","$ 516,700"
"Lance McCullers","HOU","SP","$ 516,700","1 (2016)","$ 516,700","$ 516,700"
"Bryan Mitchell","NYY","RP","$ 516,650","1 (2016)","$ 516,650","$ 516,650"
"Hansel Robles","NYM","RP","$ 516,500","1 (2016)","$ 516,500","$ 516,500"
"Michael Lorenzen","CIN","RP","$ 516,500","1 (2016)","$ 516,500","$ 516,500"
"Steve Clevenger","SEA","C","$ 516,500","1 (2016)","$ 516,500","$ 516,500"
"Felipe Rivero","WSH","RP","$ 516,100","1 (2016)","$ 516,100","$ 516,100"
"Roberto Osuna","TOR","RP","$ 516,100","1 (2016)","$ 516,100","$ 516,100"
"Steven Souza","TB","RF","$ 516,100","1 (2016)","$ 516,100","$ 516,100"
"Jerad Eickhoff","PHI","SP","$ 516,000","1 (2016)","$ 516,000","$ 516,000"
"Vincent Velasquez","PHI","SP","$ 516,000","1 (2016)","$ 516,000","$ 516,000"
"Chris Herrmann","ARI","C","$ 515,900","1 (2016)","$ 515,900","$ 515,900"
"Marcus Stroman","TOR","SP","$ 515,900","1 (2016)","$ 515,900","$ 515,900"
"Roberto Perez","CLE","C","$ 515,800","1 (2016)","$ 515,800","$ 515,800"
"Steven Matz","NYM","SP","$ 515,750","1 (2016)","$ 515,750","$ 515,750"
"Aaron Altherr","PHI","CF","$ 515,500","1 (2016)","$ 515,500","$ 515,500"
"Ketel Marte","SEA","SS","$ 515,400","1 (2016)","$ 515,400","$ 515,400"
"Andrew Heaney","LAA","SP","$ 515,000","1 (2016)","$ 515,000","$ 515,000"
"Hector Neris","PHI","RP","$ 515,000","1 (2016)","$ 515,000","$ 515,000"
"Josh Ravin","LAD","RP","$ 515,000","1 (2016)","$ 515,000","$ 515,000"
"Michael Bolsinger","LAD","SP","$ 515,000","1 (2016)","$ 515,000","$ 515,000"
"Michael Tonkin","MIN","RP","$ 515,000","1 (2016)","$ 515,000","$ 515,000"
"Mike Montgomery","SEA","RP","$ 515,000","1 (2016)","$ 515,000","$ 515,000"
"Preston Tucker","HOU","OF","$ 515,000","1 (2016)","$ 515,000","$ 515,000"
"Travis Shaw","BOS","3B","$ 515,000","1 (2016)","$ 515,000","$ 515,000"
"Logan Verrett","NYM","RP","$ 514,875","1 (2016)","$ 514,875","$ 514,875"
"Cory Rasmus","LAA","RP","$ 514,500","1 (2016)","$ 514,500","$ 514,500"
"Daniel Norris","DET","SP","$ 514,500","1 (2016)","$ 514,500","$ 514,500"
"Steven Wright","BOS","SP","$ 514,500","1 (2016)","$ 514,500","$ 514,500"
"Tim Beckham","TB","2B","$ 514,500","1 (2016)","$ 514,500","$ 514,500"
"Joe Ross","WSH","SP","$ 514,400","1 (2016)","$ 514,400","$ 514,400"
"Kevin Kiermaier","TB","CF","$ 514,400","1 (2016)","$ 514,400","$ 514,400"
"Paulo Orlando","KC","RF","$ 514,250","1 (2016)","$ 514,250","$ 514,250"
"Michael Blazek","MIL","RP","$ 514,200","1 (2016)","$ 514,200","$ 514,200"
"Dalier Hinojosa","PHI","RP","$ 514,000","1 (2016)","$ 514,000","$ 514,000"
"Kirk Nieuwenhuis","MIL","LF","$ 514,000","1 (2016)","$ 514,000","$ 514,000"
"Philip Gosselin","ARI","3B","$ 513,900","1 (2016)","$ 513,900","$ 513,900"
"Tyler Thornburg","MIL","RP","$ 513,900","1 (2016)","$ 513,900","$ 513,900"
"Domingo Santana","MIL","RF","$ 513,800","1 (2016)","$ 513,800","$ 513,800"
"Curt Casali","TB","C","$ 513,600","1 (2016)","$ 513,600","$ 513,600"
"Eric Campbell","NYM","3B","$ 513,308","1 (2016)","$ 513,308","$ 513,308"
"Bo Schultz","TOR","RP","$ 513,300","1 (2016)","$ 513,300","$ 513,300"
"Carlos Perez","LAA","C","$ 513,000","1 (2016)","$ 513,000","$ 513,000"
"Christian Vazquez","BOS","C","$ 513,000","1 (2016)","$ 513,000","$ 513,000"
"Corey Knebel","MIL","RP","$ 513,000","1 (2016)","$ 513,000","$ 513,000"
"Tyler Saladino","CWS","3B","$ 513,000","1 (2016)","$ 513,000","$ 513,000"
"Jonathan Villar","MIL","SS","$ 512,900","1 (2016)","$ 512,900","$ 512,900"
"Adam Conley","MIA","SP","$ 512,500","1 (2016)","$ 512,500","$ 512,500"
"Austin Barnes","LAD","C","$ 512,500","1 (2016)","$ 512,500","$ 512,500"
"Ben Paulsen","COL","1B","$ 512,500","1 (2016)","$ 512,500","$ 512,500"
"Billy Burns","OAK","CF","$ 512,500","1 (2016)","$ 512,500","$ 512,500"
"Byron Buxton","MIN","CF","$ 512,500","1 (2016)","$ 512,500","$ 512,500"
"Chad Bettis","COL","SP","$ 512,500","1 (2016)","$ 512,500","$ 512,500"
"Chris Rusin","COL","RP","$ 512,500","1 (2016)","$ 512,500","$ 512,500"
"Christian Bergman","COL","RP","$ 512,500","1 (2016)","$ 512,500","$ 512,500"
"Ehire Adrianza","SF","SS","$ 512,500","1 (2016)","$ 512,500","$ 512,500"
"Josh Osich","SF","RP","$ 512,500","1 (2016)","$ 512,500","$ 512,500"
"Josh Phegley","OAK","C","$ 512,500","1 (2016)","$ 512,500","$ 512,500"
"Kelby Tomlinson","SF","2B","$ 512,500","1 (2016)","$ 512,500","$ 512,500"
"Kendall Graveman","OAK","SP","$ 512,500","1 (2016)","$ 512,500","$ 512,500"
"Marcus Semien","OAK","SS","$ 512,500","1 (2016)","$ 512,500","$ 512,500"
"Mario Hollands","PHI","RP","$ 512,500","1 (2016)","$ 512,500","$ 512,500"
"Mark Canha","OAK","LF","$ 512,500","1 (2016)","$ 512,500","$ 512,500"
"Michael Mariot","PHI","RP","$ 512,500","1 (2016)","$ 512,500","$ 512,500"
"Stephen Piscotty","STL","RF","$ 512,500","1 (2016)","$ 512,500","$ 512,500"
"Trayce Thompson","LAD","CF","$ 512,500","1 (2016)","$ 512,500","$ 512,500"
"Tyler Lyons","STL","RP","$ 512,500","1 (2016)","$ 512,500","$ 512,500"
"Dan Straily","CIN","RP","$ 512,100","1 (2016)","$ 512,100","$ 512,100"
"Javier Baez","CHC","SS","$ 512,000","1 (2016)","$ 512,000","$ 512,000"
"Jesus Sucre","SEA","C","$ 512,000","1 (2016)","$ 512,000","$ 512,000"
"Luis Sardinas","SEA","2B","$ 512,000","1 (2016)","$ 512,000","$ 512,000"
"Kirby Yates","NYY","RP","$ 511,900","1 (2016)","$ 511,900","$ 511,900"
"Andrew McKirahan","ATL","RP","$ 511,750","1 (2016)","$ 511,750","$ 511,750"
"Brandon Finnegan","CIN","SP","$ 511,500","1 (2016)","$ 511,500","$ 511,500"
"Hanser Alberto","TEX","3B","$ 511,500","1 (2016)","$ 511,500","$ 511,500"
"Matt Szczur","CHC","CF","$ 511,500","1 (2016)","$ 511,500","$ 511,500"
"Mychal Givens","BAL","RP","$ 511,500","1 (2016)","$ 511,500","$ 511,500"
"Tyler Wilson","BAL","RP","$ 511,500","1 (2016)","$ 511,500","$ 511,500"
"Cody Anderson","CLE","SP","$ 511,400","1 (2016)","$ 511,400","$ 511,400"
"Kevin Plawecki","NYM","C","$ 511,360","1 (2016)","$ 511,360","$ 511,360"
"Williams Perez","ATL","SP","$ 511,250","1 (2016)","$ 511,250","$ 511,250"
"Christian Bethancourt","SD","C","$ 511,200","1 (2016)","$ 511,200","$ 511,200"
"Devon Travis","TOR","2B","$ 511,200","1 (2016)","$ 511,200","$ 511,200"
"Matt Barnes","BOS","RP","$ 511,000","1 (2016)","$ 511,000","$ 511,000"
"Miguel Rojas","MIA","3B","$ 511,000","1 (2016)","$ 511,000","$ 511,000"
"Tony Zych","SEA","RP","$ 511,000","1 (2016)","$ 511,000","$ 511,000"
"Arnold Leon","TOR","RP","$ 510,500","1 (2016)","$ 510,500","$ 510,500"
"Cam Bedrosian","LAA","RP","$ 510,500","1 (2016)","$ 510,500","$ 510,500"
"Mike Wright","BAL","SP","$ 510,500","1 (2016)","$ 510,500","$ 510,500"
"Tyler Collins","DET","OF","$ 510,500","1 (2016)","$ 510,500","$ 510,500"
"Colin Rea","SD","SP","$ 510,200","1 (2016)","$ 510,200","$ 510,200"
"Matt Duffy","HOU","3B","$ 510,200","1 (2016)","$ 510,200","$ 510,200"
"Ryan Rua","TEX","LF","$ 510,120","1 (2016)","$ 510,120","$ 510,120"
"Aaron Brooks","CHC","SP","$ 510,000","1 (2016)","$ 510,000","$ 510,000"
"Adam Duvall","CIN","1B","$ 510,000","1 (2016)","$ 510,000","$ 510,000"
"Ariel Pena","MIL","SP","$ 510,000","1 (2016)","$ 510,000","$ 510,000"
"Chris Bassitt","OAK","SP","$ 510,000","1 (2016)","$ 510,000","$ 510,000"
"Corey Seager","LAD","SS","$ 510,000","1 (2016)","$ 510,000","$ 510,000"
"Elias Diaz","PIT","C","$ 510,000","1 (2016)","$ 510,000","$ 510,000"
"Enny Romero","TB","RP","$ 510,000","1 (2016)","$ 510,000","$ 510,000"
"Frankie Montas","LAD","RP","$ 510,000","1 (2016)","$ 510,000","$ 510,000"
"R.J. Alvarez","OAK","RP","$ 510,000","1 (2016)","$ 510,000","$ 510,000"
"Thomas Pham","STL","CF","$ 510,000","1 (2016)","$ 510,000","$ 510,000"
"Mason Williams","NYY","CF","$ 509,700","1 (2016)","$ 509,700","$ 509,700"
"Sean Nolin","MIL","RP","$ 509,700","1 (2016)","$ 509,700","$ 509,700"
"Caleb Cotham","CIN","RP","$ 509,675","1 (2016)","$ 509,675","$ 509,675"
"Jon Edwards","SD","RP","$ 509,600","1 (2016)","$ 509,600","$ 509,600"
"Buck Farmer","DET","RP","$ 509,500","1 (2016)","$ 509,500","$ 509,500"
"Cristhian Adames","COL","SS","$ 509,500","1 (2016)","$ 509,500","$ 509,500"
"Drew VerHagen","DET","RP","$ 509,500","1 (2016)","$ 509,500","$ 509,500"
"Jairo Diaz","COL","RP","$ 509,500","1 (2016)","$ 509,500","$ 509,500"
"Jon Gray","COL","SP","$ 509,500","1 (2016)","$ 509,500","$ 509,500"
"Justin Miller","COL","RP","$ 509,500","1 (2016)","$ 509,500","$ 509,500"
"Kyle Ryan","DET","RP","$ 509,500","1 (2016)","$ 509,500","$ 509,500"
"Miguel Castro","COL","RP","$ 509,500","1 (2016)","$ 509,500","$ 509,500"
"Noe Ramirez","BOS","RP","$ 509,500","1 (2016)","$ 509,500","$ 509,500"
"Phil Klein","TEX","RP","$ 509,500","1 (2016)","$ 509,500","$ 509,500"
"Tyler Anderson","COL","SP","$ 509,500","1 (2016)","$ 509,500","$ 509,500"
"Tyler Matzek","COL","SP","$ 509,500","1 (2016)","$ 509,500","$ 509,500"
"Silvino Bracho","ARI","RP","$ 509,300","1 (2016)","$ 509,300","$ 509,300"
"Yhonathan Barrios","MIL","RP","$ 509,200","1 (2016)","$ 509,200","$ 509,200"
"Mitch Harris","STL","RP","$ 509,000","1 (2016)","$ 509,000","$ 509,000"
"Brandon Drury","ARI","3B","$ 508,900","1 (2016)","$ 508,900","$ 508,900"
"Ramon Flores","MIL","LF","$ 508,800","1 (2016)","$ 508,800","$ 508,800"
"Travis Jankowski","SD","CF","$ 508,800","1 (2016)","$ 508,800","$ 508,800"
"Adonis Garcia","ATL","3B","$ 508,750","1 (2016)","$ 508,750","$ 508,750"
"Ronald Torreyes","NYY","SS","$ 508,600","1 (2016)","$ 508,600","$ 508,600"
"Yadiel Rivera","MIL","SS","$ 508,600","1 (2016)","$ 508,600","$ 508,600"
"Andrew Faulkner","TEX","RP","$ 508,500","1 (2016)","$ 508,500","$ 508,500"
"Angel Nesbitt","DET","RP","$ 508,500","1 (2016)","$ 508,500","$ 508,500"
"Dallas Beeler","CHC","SP","$ 508,500","1 (2016)","$ 508,500","$ 508,500"
"Dan Winkler","ATL","RP","$ 508,500","1 (2016)","$ 508,500","$ 508,500"
"Keon Broxton","MIL","CF","$ 508,500","1 (2016)","$ 508,500","$ 508,500"
"Luke Jackson","TEX","RP","$ 508,500","1 (2016)","$ 508,500","$ 508,500"
"Raudel Lazo","MIA","RP","$ 508,500","1 (2016)","$ 508,500","$ 508,500"
"Rymer Liriano","MIL","LF","$ 508,500","1 (2016)","$ 508,500","$ 508,500"
"Socrates Brito","ARI","CF","$ 508,500","1 (2016)","$ 508,500","$ 508,500"
"Terrance Gore","KC","LF","$ 508,500","1 (2016)","$ 508,500","$ 508,500"
"Trevor Brown","SF","C","$ 508,500","1 (2016)","$ 508,500","$ 508,500"
"Reymond Fuentes","KC","RF","$ 508,450","1 (2016)","$ 508,450","$ 508,450"
"Max Stassi","HOU","C","$ 508,200","1 (2016)","$ 508,200","$ 508,200"
"Michael Feliz","HOU","RP","$ 508,200","1 (2016)","$ 508,200","$ 508,200"
"Jon Moscot","CIN","SP","$ 508,000","1 (2016)","$ 508,000","$ 508,000"
"Kyle Skipworth","CIN","C","$ 508,000","1 (2016)","$ 508,000","$ 508,000"
"Shae Simmons","ATL","RP","$ 508,000","1 (2016)","$ 508,000","$ 508,000"
"Tyler Holt","CIN","CF","$ 508,000","1 (2016)","$ 508,000","$ 508,000"
"Cedric Hunter","PHI","RF","$ 507,500","1 (2016)","$ 507,500","$ 507,500"
"Christian Villanueva","CHC","3B","$ 507,500","1 (2016)","$ 507,500","$ 507,500"
"Colin Walsh","MIL","2B","$ 507,500","1 (2016)","$ 507,500","$ 507,500"
"Daniel Stumpf","PHI","RP","$ 507,500","1 (2016)","$ 507,500","$ 507,500"
"Dellin Betances","NYY","RP","$ 507,500","1 (2016)","$ 507,500","$ 507,500"
"Drew Stubbs","ATL","CF","$ 507,500","1 (2016)","$ 507,500","$ 507,500"
"Edwin Jackson","MIA","P","$ 507,500","1 (2016)","$ 507,500","$ 507,500"
"Greg Garcia","STL","2B","$ 507,500","1 (2016)","$ 507,500","$ 507,500"
"Jabari Blash","SD","RF","$ 507,500","1 (2016)","$ 507,500","$ 507,500"
"Jake Barrett","ARI","RP","$ 507,500","1 (2016)","$ 507,500","$ 507,500"
"Jake Cave","CIN","LF","$ 507,500","1 (2016)","$ 507,500","$ 507,500"
"Jarrod Saltalamacchia","DET","C","$ 507,500","1 (2016)","$ 507,500","$ 507,500"
"Jeff Ferrell","DET","RP","$ 507,500","1 (2016)","$ 507,500","$ 507,500"
"Jeremy Hazelbaker","STL","RF","$ 507,500","1 (2016)","$ 507,500","$ 507,500"
"Jesse Biddle","ATL","SP","$ 507,500","1 (2016)","$ 507,500","$ 507,500"
"Joe Biagini","TOR","RP","$ 507,500","1 (2016)","$ 507,500","$ 507,500"
"Joey Rickard","BAL","CF","$ 507,500","1 (2016)","$ 507,500","$ 507,500"
"John Barbato","NYY","RP","$ 507,500","1 (2016)","$ 507,500","$ 507,500"
"John Gant","ATL","RP","$ 507,500","1 (2016)","$ 507,500","$ 507,500"
"John Lamb","CIN","SP","$ 507,500","1 (2016)","$ 507,500","$ 507,500"
"Jose A. Ramirez","ATL","RP","$ 507,500","1 (2016)","$ 507,500","$ 507,500"
"Jose Alvarez","LAA","RP","$ 507,500","1 (2016)","$ 507,500","$ 507,500"
"Keyvius Sampson","CIN","SP","$ 507,500","1 (2016)","$ 507,500","$ 507,500"
"Luis Cessa","NYY","RF","$ 507,500","1 (2016)","$ 507,500","$ 507,500"
"Luis Perdomo","SD","RP","$ 507,500","1 (2016)","$ 507,500","$ 507,500"
"Manny Banuelos","ATL","SP","$ 507,500","1 (2016)","$ 507,500","$ 507,500"
"Matt Bowman","STL","SP","$ 507,500","1 (2016)","$ 507,500","$ 507,500"
"Matt Wisler","ATL","SP","$ 507,500","1 (2016)","$ 507,500","$ 507,500"
"Ross Stripling","LAD","SP","$ 507,500","1 (2016)","$ 507,500","$ 507,500"
"Ryan Dull","OAK","RP","$ 507,500","1 (2016)","$ 507,500","$ 507,500"
"Scott Schebler","CIN","LF","$ 507,500","1 (2016)","$ 507,500","$ 507,500"
"Tony Wolters","COL","C","$ 507,500","1 (2016)","$ 507,500","$ 507,500"
"Trevor Story","COL","SS","$ 507,500","1 (2016)","$ 507,500","$ 507,500"
"Tyler Goeddel","PHI","RF","$ 507,500","1 (2016)","$ 507,500","$ 507,500"
"Tyler Naquin","CLE","CF","$ 507,500","1 (2016)","$ 507,500","$ 507,500"
"Tyler White","HOU","1B","$ 507,500","1 (2016)","$ 507,500","$ 507,500"
"Yorman Rodriguez","CIN","CF","$ 507,500","1 (2016)","$ 507,500","$ 507,500"
"Zach Jones","MIL","RP","$ 507,500","1 (2016)","$ 507,500","$ 507,500"
